asn,cc,name,verdict,apnic_score,cone,dirty_feeds,total_feeds
7922,US,"Comcast Cable Communications, LLC",Transit: ACTIVE LOCAL ROV,99.91,2729,5,9
4826,AU,Vocus Connect International Backbone,Transit: ACTIVE LOCAL ROV,99.36,1907,12,18
5617,PL,Orange Polska Spolka Akcyjna,Transit: ACTIVE LOCAL ROV,99.74,1186,1,2
1221,AU,Telstra Limited,Transit: ACTIVE LOCAL ROV,99.81,960,1,3
2497,JP,Internet Initiative Japan Inc.,Transit: ACTIVE LOCAL ROV,99.08,640,3,7
12741,PL,Netia SA,Transit: ACTIVE LOCAL ROV,99.26,589,10,12
3303,CH,Swisscom (Schweiz) AG,Transit: ACTIVE LOCAL ROV,99.73,503,6,11
7029,US,Windstream Communications LLC,Transit: ACTIVE LOCAL ROV,99.63,502,6,7
577,CA,Bell Canada,Transit: ACTIVE LOCAL ROV,99.75,467,6,12
3326,UA,Datagroup PJSC,Transit: ACTIVE LOCAL ROV,98.61,457,3,7
38195,AU,Superloop,Transit: ACTIVE LOCAL ROV,99.69,409,5,10
17676,JP,SoftBank Corp.,Transit: ACTIVE LOCAL ROV,99.65,401,4,8
1764,AT,Next Layer Telecommunications,Transit: ACTIVE LOCAL ROV,100.0,381,2,7
50629,DE,LWLcom GmbH,Transit: ACTIVE LOCAL ROV,98.77,360,1,5
18403,VN,FPT Telecom Company,Transit: ACTIVE LOCAL ROV,98.99,311,15,18
10796,US,Charter Communications Inc,Transit: ACTIVE LOCAL ROV,99.95,305,3,4
199524,US,Gcore S.A.,Transit: ACTIVE LOCAL ROV,99.48,278,34,46
852,CA,TELUS Communications Inc.,Transit: ACTIVE LOCAL ROV,99.81,257,2,7
1257,SE,Tele2 Sverige AB,Transit: ACTIVE LOCAL ROV,99.91,257,6,9
3214,DE,xTom GmbH,Transit: ACTIVE LOCAL ROV,99.19,220,3,7
30781,FR,Free Pro SAS,Transit: ACTIVE LOCAL ROV,100.0,203,3,5
3215,FR,Orange S.A.,Transit: ACTIVE LOCAL ROV,99.85,194,1,2
8866,BG,Vivacom Bulgaria EAD,Transit: ACTIVE LOCAL ROV,99.86,177,6,10
4764,AU,Aussie Broadband,Transit: ACTIVE LOCAL ROV,98.47,177,1,6
2119,NO,Telenor Norge AS,Transit: ACTIVE LOCAL ROV,99.94,172,4,7
4713,JP,NTT Communications Corporation (OCN),Transit: ACTIVE LOCAL ROV,98.86,167,1,2
8400,RS,Telekom Srbija a.d.,Transit: ACTIVE LOCAL ROV,99.84,164,4,7
11427,US,Charter Communications Inc,Transit: ACTIVE LOCAL ROV,99.91,149,3,3
20001,US,Charter Communications Inc,Transit: ACTIVE LOCAL ROV,99.82,147,4,6
6079,US,RCN,Transit: ACTIVE LOCAL ROV,99.79,147,1,5
3292,DK,TDC Holding A/S,Transit: ACTIVE LOCAL ROV,99.98,129,2,6
7575,AU,Australian Academic and Research Network (AARNet),Transit: ACTIVE LOCAL ROV,100.0,110,3,5
33363,US,"Charter Communications, Inc",Transit: ACTIVE LOCAL ROV,99.92,108,1,1
2518,JP,BIGLOBE Inc.,Transit: ACTIVE LOCAL ROV,98.98,106,3,5
11351,US,Charter Communications Inc,Transit: ACTIVE LOCAL ROV,99.95,98,2,2
3352,ES,TELEFONICA DE ESPANA S.A.U.,Transit: ACTIVE LOCAL ROV,99.91,96,1,1
15895,UA,"""Kyivstar"" PJSC",Transit: ACTIVE LOCAL ROV,99.81,96,1,4
12479,ES,Orange Espagne SA,Transit: ACTIVE LOCAL ROV,99.93,94,1,2
11426,US,Charter Communications Inc,Transit: ACTIVE LOCAL ROV,99.94,93,1,1
29802,US,"HIVELOCITY, Inc.",Transit: ACTIVE LOCAL ROV,98.08,91,9,15
39351,DE,31173 Services AB,Transit: ACTIVE LOCAL ROV,98.39,84,1,4
8767,DE,M-net Telekommunikations GmbH,Transit: ACTIVE LOCAL ROV,99.69,79,2,5
45177,NZ,Devoli,Transit: ACTIVE LOCAL ROV,99.7,77,3,3
5483,HU,Magyar Telekom Plc.,Transit: ACTIVE LOCAL ROV,99.89,75,2,4
9145,DE,EWE TEL GmbH,Transit: ACTIVE LOCAL ROV,99.69,63,1,5
2852,CZ,CESNET z.s.p.o.,Transit: ACTIVE LOCAL ROV,98.95,62,6,7
5089,GB,Virgin Media Limited,Transit: ACTIVE LOCAL ROV,99.66,60,1,3
16086,FI,DNA Oyj,Transit: ACTIVE LOCAL ROV,99.98,59,1,4
11232,US,Midcontinent Communications,Transit: ACTIVE LOCAL ROV,99.98,58,2,5
21413,DE,Envia Tel GmbH,Transit: ACTIVE LOCAL ROV,99.14,57,2,6
12271,US,Charter Communications Inc,Transit: ACTIVE LOCAL ROV,99.84,55,2,2
20207,AR,Gigared S.A.,Transit: ACTIVE LOCAL ROV,99.62,54,3,5
9136,DE,WOBCOM GmbH,Transit: ACTIVE LOCAL ROV,99.81,53,2,5
24875,NL,NovoServe B.V.,Transit: ACTIVE LOCAL ROV,99.44,46,3,7
1136,NL,KPN B.V.,Transit: ACTIVE LOCAL ROV,99.98,46,2,4
199081,GR,Lancom Ltd.,Transit: ACTIVE LOCAL ROV,100.0,45,1,6
11776,US,Breezeline,Transit: ACTIVE LOCAL ROV,99.14,44,1,2
3816,CO,COLOMBIA TELECOMUNICACIONES S.A. ESP BIC,Transit: ACTIVE LOCAL ROV,99.72,42,1,1
1653,SE,Vetenskapsrådet / SUNET,Transit: ACTIVE LOCAL ROV,100.0,40,1,1
5408,GR,National Infrastructures for Research and Technology S.A.,Transit: ACTIVE LOCAL ROV,100.0,38,2,3
6799,GR,Ote SA (Hellenic Telecommunications Organisation),Transit: ACTIVE LOCAL ROV,99.91,38,1,1
29405,SK,VNET a.s.,Transit: ACTIVE LOCAL ROV,100.0,36,1,6
16302,FI,Suomi Communications Oy,Transit: ACTIVE LOCAL ROV,100.0,36,2,4
394256,CA,Tech Futures Interactive Inc.,Transit: ACTIVE LOCAL ROV,100.0,35,4,7
17054,US,Expedient,Transit: ACTIVE LOCAL ROV,100.0,34,2,8
3329,GR,Vodafone Greece,Transit: ACTIVE LOCAL ROV,99.96,33,2,3
1241,GR,Nova Telecommunications & Media Single Member S.A,Transit: ACTIVE LOCAL ROV,99.85,32,2,3
39326,GB,Syntura Group Limited,Transit: ACTIVE LOCAL ROV,99.02,32,1,2
35432,CY,Cablenet Communication Systems plc,Transit: ACTIVE LOCAL ROV,99.59,31,1,2
20676,DE,Plusnet GmbH,Transit: ACTIVE LOCAL ROV,99.6,30,1,4
12859,NL,BIT BV,Transit: ACTIVE LOCAL ROV,100.0,30,1,2
56911,IT,Warian S.R.L.,Transit: ACTIVE LOCAL ROV,99.38,30,4,7
13213,GB,UK-2 Limited,Transit: ACTIVE LOCAL ROV,98.8,29,3,8
1103,NL,SURF B.V.,Transit: ACTIVE LOCAL ROV,100.0,28,2,5
803,CA,Saskatchewan Telecommunications,Transit: ACTIVE LOCAL ROV,99.95,27,3,5
15943,DE,wilhelm.tel GmbH,Transit: ACTIVE LOCAL ROV,99.58,26,3,8
18001,LK,Dialog Axiata PLC.,Transit: ACTIVE LOCAL ROV,99.85,25,5,8
553,DE,BelWü,Transit: ACTIVE LOCAL ROV,99.87,24,1,5
50266,NL,Odido Netherlands B.V.,Transit: ACTIVE LOCAL ROV,100.0,24,1,5
39120,IT,Convergenze S.p.A.,Transit: ACTIVE LOCAL ROV,98.19,23,4,8
41960,NL,Nextpertise B.V.,Transit: ACTIVE LOCAL ROV,100.0,22,4,7
24521,ID,PT Data Utama Dinamika,Transit: ACTIVE LOCAL ROV,99.53,22,4,4
18809,PA,Cable Onda,Transit: ACTIVE LOCAL ROV,99.87,21,2,3
12611,DE,R-KOM Regensburger,Transit: ACTIVE LOCAL ROV,99.26,21,3,5
15623,CH,Cyberlink AG,Transit: ACTIVE LOCAL ROV,98.41,21,4,8
36925,MA,Orange Maroc,Transit: ACTIVE LOCAL ROV,99.35,20,3,4
50973,AL,Vodafone Albania Sh.A.,Transit: ACTIVE LOCAL ROV,99.71,19,1,4
8426,GB,Claranet Limited,Transit: ACTIVE LOCAL ROV,99.09,18,3,6
13285,GB,TalkTalk Communications Limited,Transit: ACTIVE LOCAL ROV,99.32,18,2,6
8585,ME,Crnogorski Telekom a.d.Podgorica,Transit: ACTIVE LOCAL ROV,98.11,17,1,1
13101,DE,TNG Stadtnetz GmbH,Transit: ACTIVE LOCAL ROV,99.33,17,1,5
32133,US,Ting Fiber Inc.,Transit: ACTIVE LOCAL ROV,99.91,17,2,4
44486,DE,"Oliver Horscht is trading as ""SYNLINQ""",Transit: ACTIVE LOCAL ROV,100.0,15,3,5
31263,IT,MYNET S.R.L.,Transit: ACTIVE LOCAL ROV,98.04,15,1,2
3132,PE,Red Cientifica Peruana,Transit: ACTIVE LOCAL ROV,99.92,14,4,7
4725,JP,SoftBank Corp.,Transit: ACTIVE LOCAL ROV,99.56,14,1,2
42184,DE,TKRZ Stadtwerke GmbH,Transit: ACTIVE LOCAL ROV,99.24,13,1,5
21263,DE,TeleData GmbH,Transit: ACTIVE LOCAL ROV,98.88,13,2,6
30851,PL,Sileman Sp. z o.o.,Transit: ACTIVE LOCAL ROV,100.0,13,3,4
41009,UA,Oleksandr Melnyk,Transit: ACTIVE LOCAL ROV,99.4,12,1,3
199284,DE,Thueringer Netkom GmbH,Transit: ACTIVE LOCAL ROV,99.79,11,2,4
20278,US,"Nexeon Technologies, Inc.",Transit: ACTIVE LOCAL ROV,99.87,11,4,9
30764,CZ,PODA a.s.,Transit: ACTIVE LOCAL ROV,99.89,10,1,3
14615,US,"Comporium, Inc",Transit: ACTIVE LOCAL ROV,99.27,10,1,3
57795,NL,NG-BLU Networks B.V.,Transit: ACTIVE LOCAL ROV,100.0,9,2,5
25460,GB,The Networking People (TNP) Limited,Transit: ACTIVE LOCAL ROV,100.0,9,1,3
1741,FI,CSC - Tieteen tietotekniikan keskus Oy,Transit: ACTIVE LOCAL ROV,100.0,9,1,1
1835,DK,Forskningsnettet - Danish NREN,Transit: ACTIVE LOCAL ROV,100.0,9,1,1
19422,UY,Telefonica Moviles del Uruguay SA,Transit: ACTIVE LOCAL ROV,99.7,9,1,1
12941,DE,intersaar GmbH,Transit: ACTIVE LOCAL ROV,100.0,9,2,5
1930,PT,"Fundacao para a Ciencia e a Tecnologia, I.P.",Transit: ACTIVE LOCAL ROV,99.15,8,1,2
2018,ZA,TENET (The UNINET Project),Transit: ACTIVE LOCAL ROV,99.87,8,2,3
13045,DE,htp GmbH,Transit: ACTIVE LOCAL ROV,99.44,8,1,4
48101,GB,Trooli Ltd.,Transit: ACTIVE LOCAL ROV,99.13,8,1,3
16117,SE,Gavle Energi AB,Transit: ACTIVE LOCAL ROV,99.43,8,1,1
8075,US,Microsoft Corporation,Transit: ACTIVE LOCAL ROV,99.81,8,8,17
8542,NO,Eviny Fiber AS,Transit: ACTIVE LOCAL ROV,100.0,7,1,1
9312,HK,xTom,Transit: ACTIVE LOCAL ROV,98.03,7,2,2
206610,LU,Mixvoip S.A.,Transit: ACTIVE LOCAL ROV,100.0,7,1,4
20686,DE,Bisping & Bisping GmbH & Co KG,Transit: ACTIVE LOCAL ROV,99.32,7,2,4
4760,HK,HKT Limited,Transit: ACTIVE LOCAL ROV,98.4,7,2,2
6315,US,"XMission, L.C.",Transit: ACTIVE LOCAL ROV,99.41,7,3,7
15605,IT,Connesi S.p.A.,Transit: ACTIVE LOCAL ROV,98.85,7,3,6
224,NO,Sikt (Uninett),Transit: ACTIVE LOCAL ROV,100.0,6,1,1
42652,DE,inexio Informationstechnologie und Telekommunikation Gmbh,Transit: ACTIVE LOCAL ROV,99.82,6,1,1
15502,IE,Vodafone Ireland Limited,Transit: ACTIVE LOCAL ROV,99.55,6,1,2
1213,IE,HEAnet CLG,Stub: ACTIVE LOCAL ROV,100.0,5,1,3
1403,CA,EBOX,Stub: ACTIVE LOCAL ROV,99.58,5,1,4
34820,SK,DELTA ONLINE spol. s r.o.,Stub: ACTIVE LOCAL ROV,99.66,5,1,2
35132,NO,Enivest AS,Stub: ACTIVE LOCAL ROV,100.0,5,1,1
207995,GB,Lightning Fibre,Stub: ACTIVE LOCAL ROV,99.12,5,1,4
20545,GE,Georgian Research and Educational Networking Association (GRENA),Stub: ACTIVE LOCAL ROV,98.75,5,1,2
12414,NL,Solcon Internetdiensten B.V.,Stub: ACTIVE LOCAL ROV,99.95,5,1,3
203020,US,HostRoyale Technologies Pvt Ltd,Stub: ACTIVE LOCAL ROV,98.94,5,6,6
25424,CZ,CEZNET s.r.o.,Stub: ACTIVE LOCAL ROV,99.85,4,1,4
50469,DE,Peer Kohlstetter trading as Hessenkom GmbH & Co. KG,Stub: ACTIVE LOCAL ROV,98.86,4,1,7
34606,IT,B.B.Bell SPA,Stub: ACTIVE LOCAL ROV,99.57,4,1,2
59790,DE,Marco Bungalski GmbH,Stub: ACTIVE LOCAL ROV,99.57,4,1,3
59890,AT,Kabel-TV Lampert GmbH & Co KG,Stub: ACTIVE LOCAL ROV,99.63,4,2,5
35612,IT,EOLO S.p.A.,Stub: ACTIVE LOCAL ROV,98.98,4,1,4
3221,EE,Estonian Education and Research Network,Stub: ACTIVE LOCAL ROV,100.0,4,2,4
12119,US,ITV-3,Stub: ACTIVE LOCAL ROV,99.98,4,1,3
12322,FR,Free SAS,Stub: ACTIVE LOCAL ROV,98.51,4,1,4
209049,SL,MICHCOM LIMITED,Stub: ACTIVE LOCAL ROV,98.99,4,3,3
4474,US,"TCT West, Inc.",Stub: ACTIVE LOCAL ROV,100.0,4,1,4
13037,GB,Zen Internet Ltd,Stub: ACTIVE LOCAL ROV,98.77,4,2,3
29600,LV,Latvenergo,Stub: ACTIVE LOCAL ROV,100.0,4,1,1
5645,CA,"TekSavvy Solutions, Inc.",Stub: ACTIVE LOCAL ROV,99.89,4,1,3
14061,US,DigitalOcean LLC,Stub: ACTIVE LOCAL ROV,99.64,4,7,11
196954,DE,Epcan GmbH,Stub: ACTIVE LOCAL ROV,99.63,3,1,5
49798,SK,BBX s.r.o.,Stub: ACTIVE LOCAL ROV,98.88,3,1,1
41872,CH,GIB-Solutions AG,Stub: ACTIVE LOCAL ROV,100.0,3,2,4
328856,KE,VIJIJI CONNECT LIMITED,Stub: ACTIVE LOCAL ROV,99.15,3,3,3
34554,CH,Antares Kommunikationstechnik AG,Stub: ACTIVE LOCAL ROV,100.0,3,2,3
34758,IT,Axera SpA,Stub: ACTIVE LOCAL ROV,99.55,3,1,3
10214,AU,Pentanet Limited,Stub: ACTIVE LOCAL ROV,100.0,3,2,2
207375,NL,Fiber Operator B.V.,Stub: ACTIVE LOCAL ROV,100.0,3,1,2
35613,CZ,FASTER CZ spol. s r.o.,Stub: ACTIVE LOCAL ROV,99.64,3,1,3
36914,KE,Kenya Education Network,Stub: ACTIVE LOCAL ROV,99.03,3,1,3
12392,BE,VOO S.A.,Stub: ACTIVE LOCAL ROV,99.4,3,1,2
12496,GB,Infinity Developments Limited,Stub: ACTIVE LOCAL ROV,99.16,3,1,2
201290,NL,BlackGATE B.V.,Stub: ACTIVE LOCAL ROV,100.0,3,3,4
135918,VN,VIET DIGITAL TECHNOLOGY LIABILITY COMPANY,Stub: ACTIVE LOCAL ROV,98.68,3,1,2
13092,RS,Akademska mreza Republike Srbije - AMRES,Stub: ACTIVE LOCAL ROV,99.88,3,2,2
47638,GB,Cadence Networks Ltd,Stub: ACTIVE LOCAL ROV,98.81,3,3,5
39835,DE,goetel GmbH,Stub: ACTIVE LOCAL ROV,99.86,3,1,2
15435,NL,DELTA Fiber Nederland B.V.,Stub: ACTIVE LOCAL ROV,99.99,3,1,4
31841,US,NEW KNOXVILLE TELEPHONE COMPANY,Stub: ACTIVE LOCAL ROV,100.0,3,1,1
48284,DE,SWU TeleNet GmbH,Stub: ACTIVE LOCAL ROV,100.0,3,1,2
15614,CZ,Dragon Internet a.s.,Stub: ACTIVE LOCAL ROV,99.78,3,2,3
204666,CZ,Jiri Tlapak,Stub: ACTIVE LOCAL ROV,99.52,3,1,2
204770,US,UAB Cherry Servers,Stub: ACTIVE LOCAL ROV,100.0,3,2,4
393249,CA,University of British Columbia,Stub: ACTIVE LOCAL ROV,99.5,2,1,1
58075,NL,X2com BV,Stub: ACTIVE LOCAL ROV,100.0,2,3,4
206238,NL,Freedom Internet BV,Stub: ACTIVE LOCAL ROV,100.0,2,1,2
35891,US,Norwood Light Broadband,Stub: ACTIVE LOCAL ROV,100.0,2,1,3
19527,US,Google LLC (Google Cloud),Stub: ACTIVE LOCAL ROV,100.0,2,15,22
44234,SK,"Gaya, s.r.o.",Stub: ACTIVE LOCAL ROV,98.83,2,2,2
27879,AR,Informática y Telecomunicaciones S.A.,Stub: ACTIVE LOCAL ROV,99.71,2,1,2
20057,US,"AT&T Enterprises, LLC",Stub: ACTIVE LOCAL ROV,99.83,2,1,2
397412,US,Tachus Fiber Internet,Stub: ACTIVE LOCAL ROV,99.97,2,1,3
20879,PT,Digi Portugal,Stub: ACTIVE LOCAL ROV,99.78,2,1,1
45725,ID,PT Kings Network Indonesia,Stub: ACTIVE LOCAL ROV,100.0,2,4,4
29413,DE,KOMRO Gesellschaft fuer Telekommunikation mit beschraenkter Haftung,Stub: ACTIVE LOCAL ROV,100.0,2,1,4
29505,DE,Stadtwerke Luebeck Digital GmbH,Stub: ACTIVE LOCAL ROV,100.0,2,1,3
21412,LT,"UAB ""Cgates""",Stub: ACTIVE LOCAL ROV,99.87,2,2,7
6167,US,Verizon Business,Stub: ACTIVE LOCAL ROV,99.89,2,2,3
204064,CZ,CEZNET s.r.o.,Stub: ACTIVE LOCAL ROV,100.0,2,1,1
57269,ES,DIGI SPAIN TELECOM S.L.,Stub: ACTIVE LOCAL ROV,99.92,2,1,1
327750,ZA,JENNY INTERNET (PTY) LTD,Stub: ACTIVE LOCAL ROV,99.71,0,1,2
73,US,University of Washington,Stub: ACTIVE LOCAL ROV,99.35,0,1,1
327822,ZA,Airpark Beaufort West CC,Stub: ACTIVE LOCAL ROV,100.0,0,2,3
8362,FR,NordNet SA,Stub: ACTIVE LOCAL ROV,99.69,0,1,2
205007,RS,Maxim Azarov trading as eServer,Stub: ACTIVE LOCAL ROV,100.0,0,1,1
239,CA,University of Toronto,Stub: ACTIVE LOCAL ROV,100.0,0,1,1
57728,CZ,CEZNET s.r.o.,Stub: ACTIVE LOCAL ROV,100.0,0,1,1
328266,ZA,Atomic Access,Stub: ACTIVE LOCAL ROV,100.0,0,3,3
8887,SK,"TESATEL, s.r.o.",Stub: ACTIVE LOCAL ROV,100.0,0,1,1
58130,SK,rsnet s.r.o.,Stub: ACTIVE LOCAL ROV,100.0,0,1,1
197540,DE,netcup GmbH,Stub: ACTIVE LOCAL ROV,99.22,0,1,1
50163,CZ,Altnet s.r.o.,Stub: ACTIVE LOCAL ROV,100.0,0,2,2
42003,LB,OGERO,Stub: ACTIVE LOCAL ROV,99.99,0,1,1
205975,GB,Fibre Assets Ltd,Stub: ACTIVE LOCAL ROV,99.15,0,1,4
42189,CZ,Druzstvo EUROSIGNAL,Stub: ACTIVE LOCAL ROV,99.75,0,2,2
197892,PL,Spoldzielnia Mieszkaniowa W Nowym Tomyslu,Stub: ACTIVE LOCAL ROV,99.1,0,2,2
42334,LB,Broadband Plus S.a.l.,Stub: ACTIVE LOCAL ROV,98.81,0,2,2
206420,CZ,KABEL servis Praha spol. s r.o.,Stub: ACTIVE LOCAL ROV,100.0,0,1,1
263771,VE,"IP NET, C.A.",Stub: ACTIVE LOCAL ROV,98.72,0,1,2
50999,SA,King Abdullah University of Science and Technology,Stub: ACTIVE LOCAL ROV,100.0,0,2,3
34622,SE,Bredband i Kristianstad AB,Stub: ACTIVE LOCAL ROV,100.0,0,1,2
214996,US,netcup GmbH - Manassas,Stub: ACTIVE LOCAL ROV,98.86,0,1,1
51167,DE,Contabo GmbH,Stub: ACTIVE LOCAL ROV,99.23,0,1,4
206912,CY,Superdach LTD,Stub: ACTIVE LOCAL ROV,100.0,0,1,1
35007,PL,Miconet Sp. z o.o.,Stub: ACTIVE LOCAL ROV,99.43,0,1,2
43507,CZ,"RETE internet, s.r.o.",Stub: ACTIVE LOCAL ROV,100.0,0,1,2
35378,PL,Sat Film Sp. z o.o.,Stub: ACTIVE LOCAL ROV,99.58,0,1,3
43915,GB,TrueSpeed Communications Limited,Stub: ACTIVE LOCAL ROV,99.08,0,1,3
396185,US,GILES-CRAIG COMMUNICATIONS INC.,Stub: ACTIVE LOCAL ROV,100.0,0,2,2
60377,GB,toob limited,Stub: ACTIVE LOCAL ROV,99.64,0,1,2
19901,US,Brightspeed,Stub: ACTIVE LOCAL ROV,99.8,0,2,4
396952,US,"Net253, LLC",Stub: ACTIVE LOCAL ROV,100.0,0,1,2
397068,US,CarolinaConnect Cooperative,Stub: ACTIVE LOCAL ROV,98.71,0,1,2
200735,DE,MN Glasfaser GmbH trading as MUENET GmbH & Co. KG,Stub: ACTIVE LOCAL ROV,99.05,0,1,1
61510,AR,Cooperativa Telefonica de Calafate Ltda.,Stub: ACTIVE LOCAL ROV,100.0,0,3,3
209040,DE,SeWiKom GmbH,Stub: ACTIVE LOCAL ROV,99.8,0,1,1
61615,BR,FALE S.A.,Stub: ACTIVE LOCAL ROV,99.17,0,1,2
201011,DE,Core-Backbone GmbH,Stub: ACTIVE LOCAL ROV,100.0,0,1,1
266832,CO,CONEXIONES TECNOLOGICAS Y COMUNICACION S.A.S.,Stub: ACTIVE LOCAL ROV,99.63,0,2,3
201533,CZ,United Networks SE,Stub: ACTIVE LOCAL ROV,98.59,0,1,1
21565,US,"Horry Telephone Cooperative, Inc.",Stub: ACTIVE LOCAL ROV,99.61,0,1,1
201838,GB,Community Fibre Limited,Stub: ACTIVE LOCAL ROV,99.43,0,1,2
38229,LK,"Lanka Education & Research Network, NREN",Stub: ACTIVE LOCAL ROV,100.0,0,1,2
5786,PR,University of Puerto Rico,Stub: ACTIVE LOCAL ROV,100.0,0,1,1
399016,CA,Canadian Fiber Optics Corp.,Stub: ACTIVE LOCAL ROV,99.04,0,1,3
210793,DE,Altonetz GmbH,Stub: ACTIVE LOCAL ROV,100.0,0,1,1
202605,CZ,"EMPECOM, s.r.o.",Stub: ACTIVE LOCAL ROV,100.0,0,2,2
6058,CA,Northwestel Inc.,Stub: ACTIVE LOCAL ROV,100.0,0,1,1
202870,IT,Dimensione S.r.l.,Stub: ACTIVE LOCAL ROV,99.53,0,1,4
22709,US,"North State Telephone, LLC",Stub: ACTIVE LOCAL ROV,99.54,0,2,5
211309,NO,Obos Nett AS,Stub: ACTIVE LOCAL ROV,99.43,0,1,1
7065,US,"Sonic.net, LLC",Stub: ACTIVE LOCAL ROV,99.0,0,2,4
31775,US,"Greenlight Networks, LLC",Stub: ACTIVE LOCAL ROV,99.75,0,1,3
203847,IT,Marconi Solutions Srls,Stub: ACTIVE LOCAL ROV,100.0,0,1,2
56465,UA,Therecom Ltd,Stub: ACTIVE LOCAL ROV,98.79,0,1,2
40098,US,"Community Antenna Service, Inc.",Stub: ACTIVE LOCAL ROV,100.0,0,1,2
56566,CZ,SATT a.s.,Stub: ACTIVE LOCAL ROV,98.04,0,1,2
204058,SK,"Fibris, s.r.o.",Stub: ACTIVE LOCAL ROV,100.0,0,1,1
56933,SK,Datagram s.r.o.,Stub: ACTIVE LOCAL ROV,99.13,0,1,1
24165,TW,UNION BROADBAND NETWORK,Stub: ACTIVE LOCAL ROV,98.16,0,1,1
1299,US,Arelion (fka. Telia Carrier),CORE PROTECTOR (Tier 1),62.16,61899,0,0
3356,US,Lumen (Level 3),CORE PROTECTOR (Tier 1),99.26,61868,0,0
174,US,"Cogent Communications, LLC",CORE PROTECTOR (Tier 1),92.9,56709,0,0
3257,US,GTT Communications Inc.,CORE PROTECTOR (Tier 1),95.89,44086,0,0
6939,US,Hurricane Electric LLC,CORE PROTECTOR (Tier 1),87.54,34660,0,0
3320,DE,Deutsche Telekom AG,CORE PROTECTOR (Tier 1),99.78,12418,0,0
701,US,Verizon Business,CORE PROTECTOR (Tier 1),99.8,4741,0,0
6830,NL,Liberty Global Europe Holding B.V.,CORE PROTECTOR (Tier 1),-1.0,3315,0,0
7018,US,"AT&T Enterprises, LLC",CORE PROTECTOR (Tier 1),56.22,2684,0,0
9299,PH,PLDT (Philippine Long Distance Telephone Company),Transit: LEAKING,0.31,225,12,17
53667,US,FranTech Solutions,Transit: LEAKING,18.45,169,3,5
55824,IN,NKN Core Network,Transit: LEAKING,2.63,87,2,2
17451,ID,Biznet Networks,Transit: LEAKING,2.03,60,5,9
6866,CY,Cyprus Telecommunications Authority,Transit: LEAKING,0.26,36,2,6
27882,BO,Telefónica Celular de Bolivia S.A.,Transit: LEAKING,16.44,17,6,6
8468,GB,Cityfibre Limited,Transit: LEAKING,13.4,13,0,2
141968,ID,PT Industri Kreatif Digital,Transit: LEAKING,0.7,10,7,7
23031,EC,TELECU TELECOMUNICACIONES DEL ECUADOR TELECUSA S.A.S.,Transit: LEAKING,18.67,9,8,10
209847,NL,WorkTitans B.V.,Transit: LEAKING,3.15,7,24,34
62425,TR,Mailbox Internet Hizmetleri Ltd. Sti.,Transit: LEAKING,0.0,7,1,1
62563,CA,GLOBALTELEHOST Corp.,Transit: LEAKING,14.04,7,1,3
29974,CA,Wightman Telecom,Transit: LEAKING,10.21,6,1,3
45355,FJ,Digicel Fiji Limited,Stub: LEAKING,1.51,5,2,2
152605,PK,Z COM NETWORKS,Stub: LEAKING,0.69,4,1,1
5482,GB,AllPoints Fibre Limited,Stub: LEAKING,8.97,4,1,3
3,US,Massachusetts Institute of Technology,Stub: LEAKING,12.14,3,8,11
57356,GB,Highland Network Ltd,Stub: LEAKING,2.02,3,0,1
24757,ET,Ethio telecom,Stub: LEAKING,7.91,3,5,5
33582,LC,Digicel St.Lucia Ltd,Stub: LEAKING,0.14,3,1,1
42611,GB,Full Fibre Limited,Stub: LEAKING,5.42,2,1,2
26253,US,"South Central Communications, Inc.",Stub: LEAKING,0.0,2,0,2
133612,AU,Vodafone Australia Pty Ltd,Stub: LEAKING,8.96,2,1,1
12978,TR,ANDROMEDA TV DIGITAL PLATFORM ISLETMECILIGI A.S.,Stub: LEAKING,17.21,2,2,2
269938,PE,ADN TELECOM S.A.C.,Stub: LEAKING,0.0,2,2,3
25135,GB,Vodafone Limited,Stub: LEAKING,0.43,0,1,1
17421,TW,Emome (Chunghwa Telecom),Stub: LEAKING,5.34,0,0,1
132423,IN,Powai,Stub: LEAKING,0.0,0,2,3
50666,PT,LigaT Telecom Sociedade Unipessoal LDA,Stub: LEAKING,4.2,0,1,1
51918,GB,Cerberus Networks Ltd,Stub: LEAKING,18.87,0,0,2
44291,UA,Infomir LLC,Stub: LEAKING,0.0,0,1,4
208172,US,Proton AG,Stub: LEAKING,4.6,0,2,2
44695,UA,FOP Markovskiy Denis Vadimovich,Stub: LEAKING,0.09,0,1,2
397332,US,City of Anacortes,Stub: LEAKING,4.27,0,1,2
202208,DE,teutel GmbH,Stub: LEAKING,4.02,0,1,2
63025,US,NOHAVPS LLC,Stub: LEAKING,0.0,0,3,4
202401,DE,Webhosting24 GmbH,Stub: LEAKING,1.49,0,1,1
47202,PT,LAZER TELECOMUNICACOES S.A.,Stub: LEAKING,1.01,0,1,4
56329,GB,Gigaclear Limited,Stub: LEAKING,3.74,0,0,3
15457,PT,"NOS Madeira Comunicacoes, S.A.",Stub: LEAKING,0.39,0,0,1
212623,PL,NysaNet sp. z o.o.,Stub: LEAKING,9.64,0,2,2
9002,RU,RETN Limited,Transit: UNVERIFIED (Dirty Feed),-1.0,12943,22,28
141013,PH,GetaFIX Content Network,Transit: INHERITED (Clean Pipe),-1.0,10570,0,1
1273,GB,Vodafone Group PLC,Transit: UNVERIFIED (Dirty Feed),95.73,6183,5,10
7195,BR,EdgeUno,Transit: UNVERIFIED (Dirty Feed),-1.0,4067,6,10
20764,RU,CJSC RASCOM,Transit: UNVERIFIED (Dirty Feed),-1.0,2751,13,16
5405,DE,Inter.link GmbH,Transit: UNVERIFIED (Dirty Feed),-1.0,1899,7,10
8220,US,COLT,Transit: UNVERIFIED (Dirty Feed),-1.0,1544,10,15
20473,US,"The Constant Company, LLC",Transit: UNVERIFIED (Dirty Feed),97.99,1034,21,32
13335,US,"Cloudflare, Inc.",Transit: UNVERIFIED (Dirty Feed),44.5,934,230,255
24482,BR,SG.GS,Transit: UNVERIFIED (Dirty Feed),-1.0,854,10,12
37100,DE,SEACOM Limited,Transit: UNVERIFIED (Dirty Feed),-1.0,653,12,17
209,US,Lumen (ex. Qwest),Transit: SECURE (Clean Pipe),99.84,510,0,1
22773,US,Cox Communications Inc.,Transit: SECURE (Clean Pipe),99.9,507,0,3
4788,MY,TM Technology Services Sdn. Bhd.,Transit: UNVERIFIED (Dirty Feed),90.31,481,8,12
9141,PL,P4 Sp. z o.o.,Transit: SECURE (Clean Pipe),99.78,390,0,2
35320,UA,Eurotranstelecom Ltd,Transit: UNVERIFIED (Dirty Feed),93.78,346,2,5
23947,ID,PT Mora Telematika Indonesia Tbk,Transit: UNVERIFIED (Dirty Feed),-1.0,320,7,11
12880,IR,Iran Information Technology Company PJSC,Transit: UNVERIFIED (Dirty Feed),-1.0,267,1,1
12874,IT,Fastweb SpA,Transit: UNVERIFIED (Dirty Feed),57.58,223,4,9
60171,ZA,AFR-IX TELECOM S.A.,Transit: UNVERIFIED (Dirty Feed),87.56,200,11,16
24724,RU,Atman Sp. z o.o.,Transit: INHERITED (Clean Pipe),-1.0,199,0,3
41327,IT,Fiber Telecom S.p.A.,Transit: UNVERIFIED (Dirty Feed),97.37,183,6,10
16019,CZ,Vodafone Czech Republic a.s.,Transit: SECURE (Clean Pipe),99.83,176,0,2
57866,NL,Fusix Networks B.V.,Transit: UNVERIFIED (Dirty Feed),-1.0,173,5,8
6667,GB,Elisa Oyj,Transit: UNVERIFIED (Dirty Feed),-1.0,160,1,5
208972,RU,GIBIRNet Iletisim,Transit: UNVERIFIED (Dirty Feed),-1.0,154,5,6
48070,GB,DSM (GB) Limited,Transit: UNVERIFIED (Dirty Feed),-1.0,149,2,3
49800,AM,GNC-Alfa CJSC,Transit: UNVERIFIED (Dirty Feed),21.6,144,2,4
36236,BR,"NetActuate, Inc",Transit: UNVERIFIED (Dirty Feed),-1.0,139,14,23
55850,US,Mercury NZ Limited,Transit: UNVERIFIED (Dirty Feed),-1.0,139,2,3
3462,TW,HiNet (Chunghwa Telecom),Transit: UNVERIFIED (Dirty Feed),74.51,129,3,4
55002,US,"F5, Inc.",Transit: UNVERIFIED (Dirty Feed),-1.0,123,3,3
16509,US,"Amazon.com, Inc.",Transit: UNVERIFIED (Dirty Feed),87.61,118,10,20
3399,NL,Obenet AB,Transit: UNVERIFIED (Dirty Feed),-1.0,117,1,3
29208,DE,"Quantcom, a.s.",Transit: UNVERIFIED (Dirty Feed),-1.0,110,2,4
58224,IR,Iran Telecommunication Company PJS,Transit: UNVERIFIED (Dirty Feed),65.32,109,3,4
28343,BR,Unifique Telecomunicações SA,Transit: UNVERIFIED (Dirty Feed),54.18,109,2,4
15576,CH,NTS workspace AG,Transit: UNVERIFIED (Dirty Feed),-1.0,105,2,5
207841,GB,Inferno Communications Ltd,Transit: UNVERIFIED (Dirty Feed),-1.0,104,3,3
3301,SE,Telia Company AB,Transit: SECURE (Clean Pipe),99.96,104,0,1
56655,RU,Gigahost AS,Transit: UNVERIFIED (Dirty Feed),-1.0,93,1,3
31242,PL,P4 Sp. z o.o.,Transit: SECURE (Clean Pipe),98.67,90,0,3
719,FI,Elisa Oyj,Transit: SECURE (Clean Pipe),99.96,85,0,1
47160,FR,MOJI SAS,Transit: UNVERIFIED (Dirty Feed),-1.0,81,4,6
63927,DE,RISE,Transit: UNVERIFIED (Dirty Feed),-1.0,80,3,7
18106,US,Viewqwest Pte Ltd,Transit: UNVERIFIED (Dirty Feed),-1.0,79,13,17
12779,IT,IT.Gate S.p.A.,Transit: UNVERIFIED (Dirty Feed),-1.0,76,3,5
39686,NL,Eurofiber Nederland BV,Transit: SECURE (Clean Pipe),99.52,75,0,2
37497,ZA,Network Platforms (PTY) LTD,Transit: UNVERIFIED (Dirty Feed),-1.0,73,4,7
209735,GB,Lagrange Cloud Technologies Limited,Transit: UNVERIFIED (Dirty Feed),-1.0,73,1,3
27951,CO,Media Commerce Partners S.A,Transit: UNVERIFIED (Dirty Feed),35.68,65,8,10
1759,FI,Telia Finland Oyj,Transit: SECURE (Clean Pipe),99.94,64,0,1
393577,US,Tritan Development,Transit: UNVERIFIED (Dirty Feed),-1.0,61,2,4
35699,ES,Adamo Telecom Iberia S.A.,Transit: UNVERIFIED (Dirty Feed),28.69,59,3,6
8473,SE,Bahnhof AB,Transit: SECURE (Clean Pipe),99.86,58,0,3
28725,CZ,CETIN a.s.,Transit: SECURE (Clean Pipe),99.51,54,0,2
6849,UA,"JSC ""Ukrtelecom""",Transit: UNVERIFIED (Dirty Feed),63.93,52,4,10
29695,NO,Lyse Tele AS,Transit: INHERITED (Clean Pipe),95.84,51,0,3
394177,US,Shift Hosting LLC,Transit: INHERITED (Clean Pipe),-1.0,50,0,3
9268,AU,Over The Wire Pty Ltd,Transit: UNVERIFIED (Dirty Feed),-1.0,50,1,2
6661,GB,POST Luxembourg,Transit: UNVERIFIED (Dirty Feed),-1.0,49,1,2
21700,US,"Neptune Networks, LLC",Transit: INHERITED (Clean Pipe),-1.0,48,0,3
55666,ID,PT Media Sarana Data,Transit: UNVERIFIED (Dirty Feed),93.0,47,10,11
3262,ES,"SAREnet, S.A.",Transit: UNVERIFIED (Dirty Feed),90.31,46,1,4
2860,PT,"NOS COMUNICACOES, S.A.",Transit: UNVERIFIED (Dirty Feed),43.03,45,1,3
4181,US,TDS TELECOM,Transit: SECURE (Clean Pipe),99.94,43,0,3
25400,NO,Telia Norge AS,Transit: SECURE (Clean Pipe),99.97,42,0,1
9607,JP,"BroadBand Tower, Inc.",Transit: UNVERIFIED (Dirty Feed),-1.0,42,2,4
29169,FR,GANDI SAS,Transit: UNVERIFIED (Dirty Feed),-1.0,42,4,7
21738,US,Rozint,Transit: UNVERIFIED (Dirty Feed),-1.0,41,1,4
8283,NL,Netwerkvereniging Coloclue,Transit: UNVERIFIED (Dirty Feed),-1.0,40,8,9
36352,US,HostPapa,Transit: UNVERIFIED (Dirty Feed),65.96,40,5,8
61461,US,Airtek Solutions C.A.,Transit: UNVERIFIED (Dirty Feed),-1.0,40,5,10
25248,CZ,RADIOKOMUNIKACE a.s.,Transit: SECURE (Clean Pipe),99.54,39,0,3
51088,NL,A2B IP B.V.,Transit: UNVERIFIED (Dirty Feed),-1.0,38,1,3
6736,IR,Institute for Research in Fundamental Sciences,Transit: UNVERIFIED (Dirty Feed),-1.0,36,1,1
8434,SE,Telenor Sverige AB,Transit: SECURE (Clean Pipe),99.93,35,0,1
25512,CZ,CD-Telematika a.s.,Transit: SECURE (Clean Pipe),98.21,35,0,2
34019,FR,Hivane Association,Transit: UNVERIFIED (Dirty Feed),-1.0,35,6,10
4213,US,Krypt Technologies,Transit: UNVERIFIED (Dirty Feed),51.96,35,1,5
197071,DE,active 1 GmbH,Transit: UNVERIFIED (Dirty Feed),-1.0,34,3,5
680,DE,Deutsches Forschungsnetz (DFN),Transit: SECURE (Clean Pipe),99.76,34,0,3
45204,MN,GEMNET LLC,Transit: UNVERIFIED (Dirty Feed),-1.0,34,22,28
786,GB,Jisc Services Limited,Transit: SECURE (Clean Pipe),99.41,33,0,2
59105,JP,Home NOC Operators Group,Transit: UNVERIFIED (Dirty Feed),-1.0,33,5,7
41720,IT,Revolution Provider S.r.l.,Transit: UNVERIFIED (Dirty Feed),-1.0,32,2,5
29670,DE,"Individual Network Berlin (""IN-Berlin"") e.V.",Transit: UNVERIFIED (Dirty Feed),-1.0,32,3,8
47692,DE,Nessus GmbH,Transit: UNVERIFIED (Dirty Feed),-1.0,31,2,4
131429,VN,MOBIFONE Corporation,Transit: UNVERIFIED (Dirty Feed),26.75,30,6,9
10143,AU,Exetel Pty Ltd,Transit: SECURE (Clean Pipe),99.91,30,0,1
12337,DE,noris network AG,Transit: UNVERIFIED (Dirty Feed),-1.0,30,4,8
39216,IQ,AL-SARD FIBER Co.,Transit: UNVERIFIED (Dirty Feed),73.31,30,4,8
29518,SE,Bredband2 AB,Transit: SECURE (Clean Pipe),99.73,29,0,2
32425,US,Pixel Factory,Transit: UNVERIFIED (Dirty Feed),-1.0,29,2,6
41108,DE,comtrance service GmbH,Transit: UNVERIFIED (Dirty Feed),-1.0,28,1,1
11967,NL,Hop179 LLC,Transit: UNVERIFIED (Dirty Feed),-1.0,28,5,7
2611,BE,BELNET,Transit: SECURE (Clean Pipe),99.79,27,0,3
6821,MK,Makedonski Telekom AD-Skopje,Transit: UNVERIFIED (Dirty Feed),59.61,27,2,4
33915,NL,Vodafone Libertel B.V.,Transit: SECURE (Clean Pipe),99.99,26,0,1
2027,FR,MilkyWan,Transit: UNVERIFIED (Dirty Feed),-1.0,26,5,7
208453,NL,Johan Karlsson (SweHosting),Transit: UNVERIFIED (Dirty Feed),-1.0,26,2,3
12306,DE,Plus.line AG,Transit: UNVERIFIED (Dirty Feed),-1.0,26,3,6
6306,VE,"TELEFONICA VENEZOLANA, C.A. (Movistar)",Transit: UNVERIFIED (Dirty Feed),96.95,26,3,4
57630,SE,84 Grams AB,Transit: SECURE (Clean Pipe),98.97,25,0,3
5413,GB,Wavenet Limited,Transit: SECURE (Clean Pipe),98.85,25,0,3
6848,BE,Telenet BV,Transit: SECURE (Clean Pipe),99.79,25,0,2
7122,CA,Bell Canada,Transit: SECURE (Clean Pipe),99.85,25,0,1
15964,CM,CAMTEL,Transit: UNVERIFIED (Dirty Feed),78.47,25,4,6
33185,CA,Hive Data Center Inc.,Transit: SECURE (Clean Pipe),100.0,24,0,4
22742,US,Connecticut Education Network,Transit: UNVERIFIED (Dirty Feed),70.77,24,1,4
55805,DE,MobiCom Corporation,Transit: UNVERIFIED (Dirty Feed),-1.0,24,1,3
15954,ES,"Tecnocratica Centro de Datos, S.L.",Transit: UNVERIFIED (Dirty Feed),-1.0,24,1,4
207252,DE,Felix Gassan,Transit: UNVERIFIED (Dirty Feed),-1.0,23,2,5
44684,GB,Mythic Beasts Ltd,Transit: UNVERIFIED (Dirty Feed),-1.0,23,1,2
39122,GB,Blacknight Internet Solutions Limited,Transit: INHERITED (Clean Pipe),-1.0,23,0,3
39642,DK,Norlys Digital A/S,Transit: SECURE (Clean Pipe),99.98,23,0,3
51048,GB,Next Connex Ltd,Transit: INHERITED (Clean Pipe),-1.0,22,0,2
13009,GB,Redcentric Solutions Ltd,Transit: INHERITED (Clean Pipe),-1.0,22,0,3
212027,GB,PebbleHost Ltd,Transit: UNVERIFIED (Dirty Feed),-1.0,22,3,7
32270,US,"LD Telecommunications, Inc.",Transit: INHERITED (Clean Pipe),-1.0,22,0,3
13127,NL,Odido Netherlands B.V.,Transit: SECURE (Clean Pipe),100.0,21,0,1
15169,US,Google LLC,Transit: UNVERIFIED (Dirty Feed),71.51,21,9,15
400304,US,Redoubt Networks (Crunchbits),Transit: INHERITED (Clean Pipe),74.47,21,0,2
24971,CZ,MasterDC s.r.o.,Transit: UNVERIFIED (Dirty Feed),-1.0,20,1,3
25144,BA,Telekomunikacije Republike Srpske a.d.,Transit: UNVERIFIED (Dirty Feed),47.81,20,2,3
34953,DE,RelAix Networks GmbH,Transit: UNVERIFIED (Dirty Feed),-1.0,20,1,5
35047,AL,Abissnet sh.a.,Transit: SECURE (Clean Pipe),98.94,20,0,3
21334,HU,One Hungary Ltd.,Transit: SECURE (Clean Pipe),99.91,20,0,2
46475,US,"Limestone Networks, Inc.",Transit: UNVERIFIED (Dirty Feed),69.55,20,5,9
30456,US,Cosmic Global Networks,Transit: UNVERIFIED (Dirty Feed),-1.0,20,1,4
8968,IT,BT Italia S.p.A.,Transit: UNVERIFIED (Dirty Feed),-1.0,19,1,4
209097,FR,NETSYST SAS,Transit: UNVERIFIED (Dirty Feed),-1.0,19,3,6
20712,GB,Andrews & Arnold Ltd,Transit: UNVERIFIED (Dirty Feed),97.41,19,2,5
20912,IT,Panservice s.a.s. di Cuseo Fabrizio & C.,Transit: UNVERIFIED (Dirty Feed),97.53,19,1,5
31252,MD,StarNet Solutii SRL,Transit: UNVERIFIED (Dirty Feed),33.28,19,1,7
48314,DE,IP-Projects GmbH & Co. KG,Transit: UNVERIFIED (Dirty Feed),-1.0,18,7,11
215467,SE,Skhron OU,Transit: UNVERIFIED (Dirty Feed),-1.0,17,5,7
39040,CH,NTS workspace AG,Transit: UNVERIFIED (Dirty Feed),-1.0,17,3,3
24723,DE,Atman Sp. z o.o.,Transit: INHERITED (Clean Pipe),-1.0,16,0,3
49505,RU,JSC Selectel,Transit: UNVERIFIED (Dirty Feed),-1.0,16,4,8
200132,NL,Peter-Paul Maria Kurstjens,Transit: UNVERIFIED (Dirty Feed),-1.0,16,3,6
20904,FI,Cinia Oy (fka. Netplaza),Transit: INHERITED (Clean Pipe),-1.0,16,0,2
4581,US,Socket Holdings Corporation,Transit: INHERITED (Clean Pipe),95.19,16,0,3
47526,DE,handily networks GmbH,Transit: UNVERIFIED (Dirty Feed),-1.0,16,1,5
8728,EE,AS INFONET,Transit: SECURE (Clean Pipe),99.32,15,0,3
8943,GB,Jump Networks Ltd,Transit: INHERITED (Clean Pipe),-1.0,15,0,2
34428,IT,Giulio Lo Presti,Transit: UNVERIFIED (Dirty Feed),-1.0,15,1,6
3308,DK,Telia Company AB (Denmark),Transit: SECURE (Clean Pipe),99.92,15,0,1
61468,EC,CEDIA,Transit: UNVERIFIED (Dirty Feed),73.8,15,6,9
5539,DE,SpaceNet AG,Transit: UNVERIFIED (Dirty Feed),-1.0,15,3,8
33983,AL,ARTMOTION SH.P.K.,Transit: SECURE (Clean Pipe),99.53,14,0,3
198385,DE,AlpineDC SA,Transit: UNVERIFIED (Dirty Feed),-1.0,14,2,5
2609,TN,Tunisia BackBone AS,Transit: UNVERIFIED (Dirty Feed),39.6,14,3,5
30742,DE,Bremen Briteline GmbH,Transit: INHERITED (Clean Pipe),-1.0,14,0,6
8240,EE,Information System Authority Republic of Estonia,Transit: INHERITED (Clean Pipe),-1.0,13,0,2
8365,DE,Man-da.de GmbH,Transit: UNVERIFIED (Dirty Feed),-1.0,13,1,3
8888,AU,xTom Pty Ltd,Transit: UNVERIFIED (Dirty Feed),-1.0,13,2,6
26210,BO,AXS Bolivia S. A.,Transit: UNVERIFIED (Dirty Feed),97.84,13,1,1
50877,IT,Airbeam S.r.l.,Transit: UNVERIFIED (Dirty Feed),-1.0,13,4,7
51087,DE,Bling Network Ltd,Transit: UNVERIFIED (Dirty Feed),-1.0,13,5,7
43541,CZ,VSHosting s.r.o.,Transit: INHERITED (Clean Pipe),-1.0,13,0,2
28685,NL,Routit BV,Transit: SECURE (Clean Pipe),100.0,13,0,1
37187,MW,Inq. Digital Limited,Transit: UNVERIFIED (Dirty Feed),45.4,13,1,2
211588,NL,Innovation Harbor B.V.,Transit: UNVERIFIED (Dirty Feed),-1.0,13,1,2
400212,US,VergeTel Group LLC,Transit: UNVERIFIED (Dirty Feed),-1.0,13,1,3
50340,RU,Selectel - Moscow,Transit: UNVERIFIED (Dirty Feed),-1.0,12,8,11
214439,DE,"Zhuhai Xiyun Cloud Technology Co., Ltd.",Transit: UNVERIFIED (Dirty Feed),-1.0,12,2,2
42541,DE,Fiberby ApS,Transit: INHERITED (Clean Pipe),-1.0,12,0,3
59645,DE,Tobias Fiebig,Transit: UNVERIFIED (Dirty Feed),-1.0,12,3,6
29608,FR,OVEA SAS,Transit: UNVERIFIED (Dirty Feed),-1.0,12,3,5
398447,US,"OHANACRAFT, LLC",Transit: UNVERIFIED (Dirty Feed),-1.0,12,1,2
47447,DE,23M GmbH,Transit: INHERITED (Clean Pipe),93.89,12,0,4
8391,DE,Knipp Medien und Kommunikation GmbH,Transit: UNVERIFIED (Dirty Feed),-1.0,11,2,2
8680,GB,Sure (Guernsey) Limited,Transit: UNVERIFIED (Dirty Feed),-1.0,11,1,2
328594,TD,SUDATCHAD SA/CA,Transit: INHERITED (Clean Pipe),95.31,11,0,1
149107,VN,TRUMVPS COMPANY LIMITED,Transit: INHERITED (Clean Pipe),-1.0,11,0,1
51519,SE,Karabro AB,Transit: INHERITED (Clean Pipe),-1.0,11,0,2
12307,CH,Sandro Bolliger trading as Bolliger Network Solutions,Transit: UNVERIFIED (Dirty Feed),-1.0,11,3,4
12360,DE,KEVAG Telekom GmbH,Transit: SECURE (Clean Pipe),99.85,11,0,5
37492,TN,Orange Tunisie,Transit: UNVERIFIED (Dirty Feed),32.55,11,2,3
22442,US,"Phonoscope, Inc.",Transit: UNVERIFIED (Dirty Feed),-1.0,11,1,2
14773,US,Lancaster-Lebanon Intermediate Unit 13,Transit: UNVERIFIED (Dirty Feed),-1.0,11,3,4
40994,CZ,Alwyzon (Hohl IT),Transit: UNVERIFIED (Dirty Feed),-1.0,10,2,5
42303,SE,LM Layer and Mesh AB,Transit: INHERITED (Clean Pipe),-1.0,10,0,2
44407,FR,Linkt SAS,Transit: SECURE (Clean Pipe),99.05,10,0,2
3662,HK,Joint Universities Computer Centre Limited,Transit: UNVERIFIED (Dirty Feed),-1.0,10,1,2
3663,US,NetNet,Transit: SECURE (Clean Pipe),98.68,10,0,2
12897,DE,ENTEGA Medianet GmbH,Transit: SECURE (Clean Pipe),99.48,10,0,4
47152,IT,Francesco Ascione trading as FIBERSIX,Transit: INHERITED (Clean Pipe),-1.0,10,0,2
6893,CH,"Saitis Network, N.Desir",Transit: UNVERIFIED (Dirty Feed),-1.0,10,3,4
39702,DE,S-IT Verwaltungs GmbH trading as S-IT Informationstechnologie Betreiber GmbH & Co. KG im Nordschwarzwald,Transit: UNVERIFIED (Dirty Feed),-1.0,10,1,4
204092,NL,Association GRIFON,Transit: INHERITED (Clean Pipe),-1.0,10,0,2
8893,DE,Artfiles New Media GmbH,Transit: UNVERIFIED (Dirty Feed),-1.0,9,1,5
51815,SE,GlobalConnect AB,Transit: INHERITED (Clean Pipe),-1.0,9,0,1
273103,CO,TV&MÁS S.A.S,Transit: UNVERIFIED (Dirty Feed),83.29,9,7,11
44097,FR,CLEMENT CAVADORE,Transit: UNVERIFIED (Dirty Feed),-1.0,9,3,4
35986,US,Vyve Broadband,Transit: UNVERIFIED (Dirty Feed),56.54,9,1,3
396993,GB,Soraxus Networks Inc.,Transit: UNVERIFIED (Dirty Feed),-1.0,9,2,5
12540,ES,IdecNet S.A.,Transit: UNVERIFIED (Dirty Feed),-1.0,9,1,3
29152,FR,Decknet SARL,Transit: UNVERIFIED (Dirty Feed),-1.0,9,1,3
39421,FR,Sapinet SAS,Transit: INHERITED (Clean Pipe),-1.0,9,0,2
40702,US,Clearwave Communications,Transit: SECURE (Clean Pipe),99.67,9,0,2
214443,IT,BE BYTE SRL,Transit: INHERITED (Clean Pipe),-1.0,8,0,3
42615,US,June Slater,Transit: INHERITED (Clean Pipe),-1.0,8,0,3
35592,CZ,Coolhousing s.r.o.,Transit: UNVERIFIED (Dirty Feed),-1.0,8,1,2
35807,RU,SkyNet Ltd.,Transit: INHERITED (Clean Pipe),-1.0,8,0,2
12676,DE,HKN GmbH,Transit: INHERITED (Clean Pipe),-1.0,8,0,5
29550,GB,Team Blue Carrier Limited,Transit: UNVERIFIED (Dirty Feed),-1.0,8,2,5
15085,US,"Immedion, LLC",Transit: UNVERIFIED (Dirty Feed),-1.0,8,3,5
24309,IN,Atria Convergence Technologies,Transit: UNVERIFIED (Dirty Feed),45.49,8,2,2
196610,DE,DE-CIX Academy,Transit: UNVERIFIED (Dirty Feed),-1.0,7,1,2
559,DE,SWITCH,Transit: UNVERIFIED (Dirty Feed),-1.0,7,2,6
49791,US,Newserverlife LLC,Transit: UNVERIFIED (Dirty Feed),95.28,7,1,3
213768,DE,Thomas Neumann,Transit: UNVERIFIED (Dirty Feed),-1.0,7,2,2
9158,DK,Telenor A/S,Transit: SECURE (Clean Pipe),99.95,7,0,3
214331,BR,Teske Virtual System Ltda,Transit: UNVERIFIED (Dirty Feed),-1.0,7,2,4
2107,SI,ARNES,Transit: UNVERIFIED (Dirty Feed),75.29,7,1,3
2602,FR,Fondation RESTENA,Transit: UNVERIFIED (Dirty Feed),-1.0,7,2,3
395823,US,doof.net,Transit: INHERITED (Clean Pipe),-1.0,7,0,2
43957,AT,WNT Telecommunication GmbH,Transit: UNVERIFIED (Dirty Feed),-1.0,7,1,3
45014,GB,Nuco Technologies Ltd,Transit: UNVERIFIED (Dirty Feed),-1.0,7,1,4
28760,DE,Infotech EDV-Systeme GmbH,Transit: UNVERIFIED (Dirty Feed),-1.0,7,2,3
12480,DE,ILK Internet.Gmbh,Transit: INHERITED (Clean Pipe),-1.0,7,0,4
12502,DE,Dr.-Ing. Nepustil & Co. GmbH Internet Service Center Ingenieurgesellschaft fuer Systemsoftware und Kommunikationstechnik,Transit: UNVERIFIED (Dirty Feed),-1.0,7,1,3
21100,NL,GREEN FLOID LLC,Transit: UNVERIFIED (Dirty Feed),90.28,7,6,7
37529,GB,Gestora de Infraestructuras de Telecomunicaciones de Guinea Ecuatorial,Transit: UNVERIFIED (Dirty Feed),-1.0,7,1,4
13781,US,Hopkinsville Electric System,Transit: UNVERIFIED (Dirty Feed),70.04,7,3,5
202359,GB,AS207960 Cyfyngedig,Transit: UNVERIFIED (Dirty Feed),-1.0,7,1,1
399898,US,Conexon Connect,Transit: INHERITED (Clean Pipe),82.23,7,0,3
39521,NL,TNGNET B.V.,Transit: UNVERIFIED (Dirty Feed),-1.0,7,2,5
211623,NL,NAML B.V.,Transit: UNVERIFIED (Dirty Feed),-1.0,7,3,4
212123,DE,Jori Vanneste,Transit: UNVERIFIED (Dirty Feed),-1.0,7,4,7
24183,NZ,DTS LTD,Transit: INHERITED (Clean Pipe),-1.0,7,0,1
8315,NL,Accenture B. V.,Transit: UNVERIFIED (Dirty Feed),-1.0,6,1,3
33083,US,AxcelX Technologies LLC,Transit: UNVERIFIED (Dirty Feed),-1.0,6,2,4
205235,DK,Labitat,Transit: INHERITED (Clean Pipe),-1.0,6,0,1
25192,US,"CZ.NIC, z.s.p.o.",Transit: UNVERIFIED (Dirty Feed),-1.0,6,9,13
8820,DE,tal.de GmbH,Transit: UNVERIFIED (Dirty Feed),-1.0,6,2,6
8823,DE,Rockenstein AG,Transit: UNVERIFIED (Dirty Feed),-1.0,6,4,5
25291,DE,SysEleven GmbH,Transit: INHERITED (Clean Pipe),-1.0,6,0,1
26006,US,Exodo LLC,Transit: UNVERIFIED (Dirty Feed),-1.0,6,1,3
59414,CH,cloudscale.ch AG,Transit: UNVERIFIED (Dirty Feed),-1.0,6,2,4
59678,DE,SYSTEM36 LLC,Transit: UNVERIFIED (Dirty Feed),-1.0,6,2,3
150000,PH,Data-Beam Business Solution,Transit: UNVERIFIED (Dirty Feed),67.74,6,2,5
35600,FR,Vedege SAS,Transit: UNVERIFIED (Dirty Feed),-1.0,6,1,3
199860,RU,ATOMDATA JSC,Transit: UNVERIFIED (Dirty Feed),-1.0,6,2,4
200462,DE,"Lennart Seitz trading as ""ETH-Services""",Transit: UNVERIFIED (Dirty Feed),-1.0,6,3,8
61337,GB,Single Mode Networks Ltd,Transit: UNVERIFIED (Dirty Feed),-1.0,6,1,2
151704,IN,BHARAT DATACENTER,Transit: UNVERIFIED (Dirty Feed),-1.0,6,2,2
21183,AL,Vodafone Albania (fka. Abcom),Transit: SECURE (Clean Pipe),99.91,6,0,2
5459,GB,London Internet Exchange Ltd.,Transit: UNVERIFIED (Dirty Feed),-1.0,6,1,3
210464,US,ANDREW KRISTULI,Transit: UNVERIFIED (Dirty Feed),-1.0,6,2,2
14371,US,Paul Bunyan Communications,Transit: INHERITED (Clean Pipe),39.02,6,0,3
39699,DE,Lounea Palvelut Oy,Transit: UNVERIFIED (Dirty Feed),-1.0,6,1,2
49605,DE,Digital Telecommunication Services S.r.l.,Stub: UNVERIFIED (Dirty Feed),-1.0,5,1,2
197706,AL,Keminet SHPK,Stub: UNVERIFIED (Dirty Feed),46.03,5,2,3
215085,NL,Maik Polman trading as PixelHosting,Stub: UNVERIFIED (Dirty Feed),-1.0,5,2,3
215147,DE,Schleyer-EDV UG,Stub: UNVERIFIED (Dirty Feed),-1.0,5,3,4
207003,FI,Web1 Oy,Stub: INHERITED (Clean Pipe),-1.0,5,0,2
35008,US,"Kerfuffle, LLC",Stub: UNVERIFIED (Dirty Feed),-1.0,5,1,3
51929,SE,Advania Sverige AB,Stub: UNVERIFIED (Dirty Feed),-1.0,5,1,1
134148,SG,SingAREN,Stub: UNVERIFIED (Dirty Feed),-1.0,5,4,5
28768,FR,Alpilink Cloud S.A.S.,Stub: UNVERIFIED (Dirty Feed),-1.0,5,1,4
37611,ZA,Afrihost (Pty) Ltd,Stub: UNVERIFIED (Dirty Feed),86.8,5,2,2
22611,US,"InMotion Hosting, Inc.",Stub: UNVERIFIED (Dirty Feed),-1.0,5,2,6
211301,DE,Collin Schneeweiss trading as Unesty Company,Stub: UNVERIFIED (Dirty Feed),73.68,5,2,2
6881,CZ,NIX.CZ z.s.p.o.,Stub: UNVERIFIED (Dirty Feed),-1.0,5,1,4
57388,AL,I.B.C - Telecom Sh.p.k.,Stub: SECURE (Clean Pipe),98.65,4,0,1
24679,DE,kyberio GmbH,Stub: UNVERIFIED (Dirty Feed),-1.0,4,1,4
327934,TN,SOCIETE NATIONALE DES TELECOMMUNICATIONS (Tunisie Telecom),Stub: INHERITED (Clean Pipe),56.92,4,0,1
25543,BF,"ONATEL (Office National des Telecommunications, PTT)",Stub: UNVERIFIED (Dirty Feed),64.24,4,2,2
1547,DE,"INTERDNESTRKOM, Sovmestnoe Zakrytoe Aktsionernoe Obshchestvo",Stub: UNVERIFIED (Dirty Feed),-1.0,4,6,12
42598,PL,Merk Solutions sp. z o.o.,Stub: INHERITED (Clean Pipe),-1.0,4,0,1
42695,SE,Cleura AB,Stub: INHERITED (Clean Pipe),-1.0,4,0,5
34683,LU,TELKEA TELECOM SA,Stub: INHERITED (Clean Pipe),-1.0,4,0,2
51468,DE,One.com A/S,Stub: INHERITED (Clean Pipe),-1.0,4,0,2
51691,FI,F-Solutions Oy,Stub: INHERITED (Clean Pipe),-1.0,4,0,2
51692,GB,Steven Smith trading as HyberHost,Stub: UNVERIFIED (Dirty Feed),-1.0,4,1,1
11170,US,Roller Network LLC,Stub: INHERITED (Clean Pipe),-1.0,4,0,1
200185,DE,Aruba S.p.A.,Stub: UNVERIFIED (Dirty Feed),91.38,4,1,4
20292,DE,miriquidi networks GmbH,Stub: INHERITED (Clean Pipe),-1.0,4,0,2
12381,SE,Resilans AB,Stub: INHERITED (Clean Pipe),-1.0,4,0,2
209090,NL,Association Stolon,Stub: UNVERIFIED (Dirty Feed),-1.0,4,1,2
200950,DE,Lyratris Limited,Stub: UNVERIFIED (Dirty Feed),-1.0,4,3,4
12886,DE,LEW TelNet GmbH,Stub: UNVERIFIED (Dirty Feed),27.37,4,1,2
398395,US,PureVoltage Hosting Inc.,Stub: UNVERIFIED (Dirty Feed),-1.0,4,1,2
38826,AU,Infinite Networks Pty Ltd,Stub: UNVERIFIED (Dirty Feed),-1.0,4,1,2
47242,IT,Host SpA,Stub: UNVERIFIED (Dirty Feed),-1.0,4,1,4
30971,AT,nic.at GmbH,Stub: UNVERIFIED (Dirty Feed),-1.0,4,3,4
55736,AU,Dataknox Pty Limited,Stub: UNVERIFIED (Dirty Feed),-1.0,4,1,1
31272,UA,WildPark Co,Stub: SECURE (Clean Pipe),99.44,4,0,2
56381,NL,level66.network UG (haftungsbeschraenkt),Stub: INHERITED (Clean Pipe),-1.0,4,0,3
56457,GR,FASTPATH IKE,Stub: UNVERIFIED (Dirty Feed),-1.0,4,1,3
15743,DE,net.de AG,Stub: INHERITED (Clean Pipe),-1.0,4,0,4
204279,LU,Eltrona Interdiffusion S.A.,Stub: SECURE (Clean Pipe),98.17,4,0,2
204471,IT,2S Computers SRL,Stub: UNVERIFIED (Dirty Feed),-1.0,4,1,4
327849,ZA,DIRECTEL COMMUNICATIONS (PTY) LTD,Stub: UNVERIFIED (Dirty Feed),97.86,3,3,4
49420,PL,Aplitt Sp. z o.o.,Stub: UNVERIFIED (Dirty Feed),-1.0,3,2,4
57944,UA,IP-Connect LLC,Stub: UNVERIFIED (Dirty Feed),-1.0,3,2,3
25198,HK,INTERKVM HOST (ZetServers),Stub: UNVERIFIED (Dirty Feed),-1.0,3,1,1
25229,UA,"Limited Liability Company ""KYIVSKI TELEKOMUNIKATSIYNI MEREZHI""",Stub: SECURE (Clean Pipe),99.8,3,0,1
25273,LU,Broadcasting Center Europe (an RTL Group Company),Stub: UNVERIFIED (Dirty Feed),-1.0,3,1,4
49855,DE,PLUTEX GmbH,Stub: INHERITED (Clean Pipe),-1.0,3,0,2
33604,US,Burlington Telecom,Stub: INHERITED (Clean Pipe),43.75,3,0,2
1003,US,andrewnet,Stub: UNVERIFIED (Dirty Feed),-1.0,3,4,6
50332,DE,SQUILD GmbH,Stub: INHERITED (Clean Pipe),-1.0,3,0,2
206186,PL,Stowarzyszenie e-Poludnie,Stub: UNVERIFIED (Dirty Feed),-1.0,3,1,3
206548,CZ,ZCOM.cz s.r.o,Stub: UNVERIFIED (Dirty Feed),-1.0,3,1,3
34555,GB,C.C.S. (Leeds) Ltd,Stub: UNVERIFIED (Dirty Feed),-1.0,3,1,2
51225,AM,Armenian internet traffic exchange 'Armix' foundation,Stub: INHERITED (Clean Pipe),-1.0,3,0,1
10279,US,"West Carolina Communications, LLC",Stub: SECURE (Clean Pipe),99.67,3,0,2
51248,CZ,Host-Telecom.com s.r.o.,Stub: UNVERIFIED (Dirty Feed),-1.0,3,1,5
51333,IT,Arcolink Telecomunicazioni S.r.l.,Stub: UNVERIFIED (Dirty Feed),-1.0,3,1,2
207176,NL,OPENFIBER B.V.,Stub: UNVERIFIED (Dirty Feed),-1.0,3,2,4
35258,DE,akquinet outsourcing gGmbH,Stub: UNVERIFIED (Dirty Feed),-1.0,3,1,4
215605,NL,Shams Hanna trading as InformatiQ,Stub: UNVERIFIED (Dirty Feed),-1.0,3,2,4
43619,FR,Association pour l'union des reseaux des residences etudiantes (AURORE),Stub: UNVERIFIED (Dirty Feed),-1.0,3,2,2
60163,NO,KEKLOLWTF AS,Stub: INHERITED (Clean Pipe),-1.0,3,0,1
2857,DE,Johannes Gutenberg-Universitaet Mainz,Stub: INHERITED (Clean Pipe),64.86,3,0,3
3130,US,RGnet OU,Stub: INHERITED (Clean Pipe),-1.0,3,0,3
44133,AT,IPAX GmbH,Stub: INHERITED (Clean Pipe),-1.0,3,0,1
3333,NL,Reseaux IP Europeens Network Coordination Centre (RIPE NCC),Stub: INHERITED (Clean Pipe),-1.0,3,0,5
44431,US,OmniAccess S.L.,Stub: UNVERIFIED (Dirty Feed),-1.0,3,1,4
60841,US,BerryByte Limited,Stub: INHERITED (Clean Pipe),-1.0,3,0,3
397097,US,"Infrastructure Management Associates, Inc.",Stub: INHERITED (Clean Pipe),-1.0,3,0,1
44973,DE,Rechenzentrum Hassfurt GmbH,Stub: UNVERIFIED (Dirty Feed),-1.0,3,1,3
20412,US,Clarity Telecom LLC,Stub: INHERITED (Clean Pipe),42.12,3,0,3
20694,DE,NMMN New Media Markets & Networks IT-Services GmbH,Stub: INHERITED (Clean Pipe),-1.0,3,0,2
20965,NL,GEANT Vereniging,Stub: UNVERIFIED (Dirty Feed),-1.0,3,2,2
29182,RU,JSC IOT,Stub: UNVERIFIED (Dirty Feed),-1.0,3,4,7
29287,AT,Wien Energie GmbH,Stub: INHERITED (Clean Pipe),97.89,3,0,1
21107,BA,Blicnet d.o.o.,Stub: UNVERIFIED (Dirty Feed),37.84,3,1,3
62217,GB,Vinters IT Ltd,Stub: UNVERIFIED (Dirty Feed),-1.0,3,3,6
54148,US,Dynamic Quantum Networks,Stub: UNVERIFIED (Dirty Feed),-1.0,3,8,15
210036,DE,Rayhaan Ahmad Jaufeerally,Stub: UNVERIFIED (Dirty Feed),-1.0,3,4,5
30892,ES,DEUTSCHE TELEKOM GLOBAL BUSINESS SOLUTIONS IBERIA SL,Stub: INHERITED (Clean Pipe),-1.0,3,0,3
399580,CA,Radish Networks,Stub: UNVERIFIED (Dirty Feed),-1.0,3,1,2
47689,US,"Pudu, LLC",Stub: UNVERIFIED (Dirty Feed),-1.0,3,3,8
31510,DE,Innsbrucker Kommunalbetriebe AG,Stub: UNVERIFIED (Dirty Feed),-1.0,3,1,3
15366,DE,DNS:NET Internet Service GmbH,Stub: SECURE (Clean Pipe),99.7,3,0,3
15401,FR,Orange Business Services SA,Stub: INHERITED (Clean Pipe),-1.0,3,0,3
7247,US,Mojo Networks,Stub: INHERITED (Clean Pipe),-1.0,3,0,1
15450,ES,Alhambra Systems SA,Stub: UNVERIFIED (Dirty Feed),-1.0,3,1,2
212068,DE,Alioth Systems Limited,Stub: UNVERIFIED (Dirty Feed),-1.0,3,2,3
56430,RO,Chroot Network SRL,Stub: UNVERIFIED (Dirty Feed),-1.0,3,3,4
212109,GB,Squirrel Internet Ltd,Stub: UNVERIFIED (Dirty Feed),97.44,3,1,2
57084,SE,Bjare Kraft ekonomisk forening,Stub: SECURE (Clean Pipe),100.0,3,0,1
16125,LT,UAB Cherry Servers,Stub: UNVERIFIED (Dirty Feed),96.75,3,2,3
41000,GB,Freethought Internet Limited,Stub: INHERITED (Clean Pipe),-1.0,2,0,3
401486,US,RAVNIX LLC,Stub: INHERITED (Clean Pipe),-1.0,2,0,1
196819,DE,DEMANDO GmbH,Stub: UNVERIFIED (Dirty Feed),-1.0,2,1,2
378,IL,IUCC - Israel InterUniversity Computation Center,Stub: UNVERIFIED (Dirty Feed),77.68,2,1,1
328228,BJ,SOCIETE BENINOISE D'INFRASTRUCTURES NUMERIQUES,Stub: UNVERIFIED (Dirty Feed),47.39,2,1,1
8859,NL,OSN Online Service Nuernberg GmbH,Stub: INHERITED (Clean Pipe),-1.0,2,0,3
197301,NL,Parknet F.M.B.A.,Stub: INHERITED (Clean Pipe),-1.0,2,0,1
49985,CZ,IP4ISP z.s.p.o,Stub: UNVERIFIED (Dirty Feed),96.93,2,2,3
25620,BO,COTAS LTDA.,Stub: UNVERIFIED (Dirty Feed),97.39,2,2,2
33885,SE,Telenor Sverige AB,Stub: SECURE (Clean Pipe),99.3,2,0,2
33932,ES,everyWAN,Stub: INHERITED (Clean Pipe),-1.0,2,0,2
33984,DE,Surfplanet GmbH,Stub: UNVERIFIED (Dirty Feed),-1.0,2,1,3
214213,PT,"START - Sines Transatlantic Renewable & Technology Campus, S. A.",Stub: UNVERIFIED (Dirty Feed),-1.0,2,1,3
132337,GB,Axclusive,Stub: UNVERIFIED (Dirty Feed),-1.0,2,2,7
42455,GB,ELITE GROUP.IM LIMITED,Stub: UNVERIFIED (Dirty Feed),-1.0,2,1,2
329325,ZA,Maxko for Gaming Development,Stub: INHERITED (Clean Pipe),-1.0,2,0,1
50821,SE,Bredband2 Stockholms Stadsnaet AB,Stub: SECURE (Clean Pipe),100.0,2,0,1
42699,DE,axilaris GmbH,Stub: UNVERIFIED (Dirty Feed),-1.0,2,1,3
43037,DE,"Seznam.cz, a.s.",Stub: UNVERIFIED (Dirty Feed),-1.0,2,1,2
34878,DE,Karlsruhe Institute of Technology,Stub: INHERITED (Clean Pipe),-1.0,2,0,1
206924,US,Ben Cartwright-Cox,Stub: UNVERIFIED (Dirty Feed),-1.0,2,3,6
395379,US,SCI REMC,Stub: SECURE (Clean Pipe),100.0,2,0,2
207083,US,HostSlim B.V.,Stub: UNVERIFIED (Dirty Feed),-1.0,2,1,3
207160,DE,Factory Campus Verwaltungs-GmbH,Stub: UNVERIFIED (Dirty Feed),-1.0,2,1,2
2486,FR,AFNIC (Association Francaise pour le Nommage Internet en Cooperation),Stub: UNVERIFIED (Dirty Feed),-1.0,2,2,4
2613,FR,Association Romandix,Stub: INHERITED (Clean Pipe),-1.0,2,0,2
51786,CH,Patrick Velder,Stub: UNVERIFIED (Dirty Feed),-1.0,2,1,3
264811,TT,AIR LINK COMMUNICATIONS,Stub: UNVERIFIED (Dirty Feed),-1.0,2,1,1
60131,NL,High5! B.V.,Stub: INHERITED (Clean Pipe),-1.0,2,0,1
273149,GT,"PUNTO DE TRAFICO DE INTERCAMBIO DE INTERNET GUATEMALA, S.A. (PIT GUATEMALA)",Stub: UNVERIFIED (Dirty Feed),-1.0,2,1,1
207727,DK,Asbjorn Sloth Tonnesen trading as a5n,Stub: INHERITED (Clean Pipe),-1.0,2,0,2
199578,DE,Rheinland-Pfaelzische Technische Universitaet Kaiserslautern-Landau,Stub: INHERITED (Clean Pipe),-1.0,2,0,2
60345,RU,icixs networks GmbH,Stub: UNVERIFIED (Dirty Feed),-1.0,2,2,4
207849,FR,ESIEESPACE,Stub: UNVERIFIED (Dirty Feed),-1.0,2,1,2
52210,US,Accuris Technologies Ltd.,Stub: UNVERIFIED (Dirty Feed),-1.0,2,1,2
19504,US,"WTC Communications, Inc.",Stub: SECURE (Clean Pipe),100.0,2,0,4
11358,NL,Tennant Software,Stub: UNVERIFIED (Dirty Feed),-1.0,2,2,3
52322,AR,TELCOCOM,Stub: UNVERIFIED (Dirty Feed),73.81,2,1,2
199811,CH,Wifx SA,Stub: UNVERIFIED (Dirty Feed),-1.0,2,2,4
11402,US,"Charlotte Colocation Center, LLc",Stub: UNVERIFIED (Dirty Feed),-1.0,2,1,2
3213,GB,Bogons Ltd,Stub: UNVERIFIED (Dirty Feed),-1.0,2,1,2
396503,CA,WestConnect Communications,Stub: UNVERIFIED (Dirty Feed),-1.0,2,3,4
44574,GB,Network Services Ltd.,Stub: INHERITED (Clean Pipe),-1.0,2,0,1
200242,US,Ember Ana,Stub: UNVERIFIED (Dirty Feed),-1.0,2,7,12
36549,KY,WestTel Ltd.,Stub: UNVERIFIED (Dirty Feed),97.65,2,1,1
135065,TL,National Directorate of Information and Technology,Stub: UNVERIFIED (Dirty Feed),-1.0,2,1,1
53343,US,sc Network,Stub: UNVERIFIED (Dirty Feed),-1.0,2,4,11
12620,CH,Ticinocom SA,Stub: SECURE (Clean Pipe),100.0,2,0,2
12628,GB,JACO ENGELBRECHT,Stub: INHERITED (Clean Pipe),-1.0,2,0,1
29067,UA,Hostmaster LLC,Stub: UNVERIFIED (Dirty Feed),-1.0,2,8,12
45494,NP,NREN ASN for Misc. Root Servers and Community,Stub: UNVERIFIED (Dirty Feed),-1.0,2,1,1
12847,LV,Latvijas Mobilais Telefons SIA,Stub: UNVERIFIED (Dirty Feed),-1.0,2,2,6
12887,PL,Netia SA,Stub: SECURE (Clean Pipe),99.69,2,0,1
12906,IT,Deltatre S.p.A.,Stub: INHERITED (Clean Pipe),-1.0,2,0,1
45680,JP,DOVA Corporation,Stub: INHERITED (Clean Pipe),-1.0,2,0,2
12929,NO,Telia Norge AS,Stub: SECURE (Clean Pipe),99.98,2,0,1
12931,DE,IDKOM Networks GmbH,Stub: INHERITED (Clean Pipe),-1.0,2,0,2
29396,NL,Eurofiber Nederland BV,Stub: INHERITED (Clean Pipe),-1.0,2,0,1
54014,US,"Jurassic Innovations, LLC",Stub: UNVERIFIED (Dirty Feed),-1.0,2,1,2
152407,ID,PT Netfinity Network Indonesia,Stub: UNVERIFIED (Dirty Feed),-1.0,2,2,2
62371,CH,Proton AG,Stub: UNVERIFIED (Dirty Feed),-1.0,2,1,5
21599,PA,Cable Onda,Stub: SECURE (Clean Pipe),98.76,2,0,1
38299,NZ,REANNZ Corporate,Stub: UNVERIFIED (Dirty Feed),-1.0,2,1,1
46886,US,Tekify Broadband,Stub: INHERITED (Clean Pipe),-1.0,2,0,1
47286,RU,OTS Ltd.,Stub: UNVERIFIED (Dirty Feed),-1.0,2,4,4
202945,FR,Benjamin Collet,Stub: UNVERIFIED (Dirty Feed),-1.0,2,1,4
211186,GR,Fast Telecom P.C.,Stub: UNVERIFIED (Dirty Feed),-1.0,2,1,3
63771,JP,Border Gateway Protocol Network Analysis Project,Stub: UNVERIFIED (Dirty Feed),-1.0,2,1,2
63804,US,DOVA Corporation,Stub: UNVERIFIED (Dirty Feed),-1.0,2,2,2
203215,DE,DATAGROUP Enterprise Services GmbH,Stub: UNVERIFIED (Dirty Feed),-1.0,2,3,5
14858,US,"Hanson Information Systems, Inc. / Family Net",Stub: UNVERIFIED (Dirty Feed),-1.0,2,2,3
31275,RU,LLC Telecom-Service,Stub: UNVERIFIED (Dirty Feed),-1.0,2,3,3
64238,US,DNS-OARC,Stub: INHERITED (Clean Pipe),-1.0,2,0,1
39767,GB,Sargasso N1 Limited,Stub: UNVERIFIED (Dirty Feed),-1.0,2,1,2
211858,FR,PAU LOGICIELS LIBRES ASSOCIATION (PAULLA),Stub: UNVERIFIED (Dirty Feed),-1.0,2,1,1
39839,NL,Punktum dk A/S,Stub: UNVERIFIED (Dirty Feed),-1.0,2,1,3
64475,DE,Freifunk Frankfurt am Main e.V.,Stub: UNVERIFIED (Dirty Feed),-1.0,2,2,4
31712,GB,GIGASTREAM LIMITED,Stub: INHERITED (Clean Pipe),-1.0,2,0,1
56293,MN,Kewiko LLC,Stub: SECURE (Clean Pipe),99.9,2,0,1
48112,RO,XINDI Networks SRL,Stub: UNVERIFIED (Dirty Feed),-1.0,2,2,3
7420,ZM,Zamnet,Stub: INHERITED (Clean Pipe),-1.0,2,0,1
204035,DE,oneCorp GmbH,Stub: UNVERIFIED (Dirty Feed),-1.0,2,1,3
212245,DE,Stephanie WILDE-HOBBS,Stub: UNVERIFIED (Dirty Feed),-1.0,2,2,3
204059,NL,Neutrinet ASBL/VZW,Stub: UNVERIFIED (Dirty Feed),-1.0,2,1,1
212865,CH,netconnect AG,Stub: UNVERIFIED (Dirty Feed),-1.0,2,1,3
401332,US,Triplebit,Stub: UNVERIFIED (Dirty Feed),-1.0,2,2,5
40980,AT,Anexia Cloud Solutions GmbH,Stub: UNVERIFIED (Dirty Feed),-1.0,0,1,1
40981,ME,University of Montenegro,Stub: UNVERIFIED (Dirty Feed),-1.0,0,2,2
401446,US,Converted Networks LLC,Stub: INHERITED (Clean Pipe),-1.0,0,0,1
204847,SE,Borgholms Kommun,Stub: UNVERIFIED (Dirty Feed),-1.0,0,1,2
213052,NL,Bram Wittendorp trading as BittenBytes,Stub: UNVERIFIED (Dirty Feed),-1.0,0,1,3
8253,GR,Democritus University of Thrace,Stub: INHERITED (Clean Pipe),-1.0,0,0,1
57407,DE,CK Software GmbH,Stub: UNVERIFIED (Dirty Feed),-1.0,0,1,1
32881,CA,Server North,Stub: UNVERIFIED (Dirty Feed),-1.0,0,3,4
8330,GB,LONAP Ltd,Stub: UNVERIFIED (Dirty Feed),-1.0,0,1,5
41103,GB,teleBIZZ Ltd,Stub: UNVERIFIED (Dirty Feed),-1.0,0,1,3
24725,UA,"LLC ""Hostmaster""",Stub: UNVERIFIED (Dirty Feed),-1.0,0,1,3
327831,DJ,Djibouti Data Center SARL,Stub: UNVERIFIED (Dirty Feed),-1.0,0,1,1
158,SE,Ericsson Inc.,Stub: INHERITED (Clean Pipe),-1.0,0,0,2
213151,DE,Christian Elsen,Stub: UNVERIFIED (Dirty Feed),-1.0,0,4,6
213155,HU,Yettel Hungary Ltd.,Stub: UNVERIFIED (Dirty Feed),40.36,0,1,1
49334,XX,SH ONLINE ILETISIM ANONIM SIRKETI,IXP / Peer / Stub,-1.0,0,0,0
327864,TD,AlbideyNet,Stub: INHERITED (Clean Pipe),-1.0,0,0,1
41153,NL,Gamma Communications Nederland B.V.,Stub: UNVERIFIED (Dirty Feed),-1.0,0,3,3
24776,FR,INFOCLIP SA,Stub: UNVERIFIED (Dirty Feed),-1.0,0,2,5
24786,DE,ProSiebenSat.1 Tech & Services GmbH,Stub: INHERITED (Clean Pipe),-1.0,0,0,3
24806,CZ,"INTERNET CZ, a.s.",Stub: SECURE (Clean Pipe),100.0,0,0,4
393460,US,NMSURF,Stub: SECURE (Clean Pipe),100.0,0,0,1
24840,DE,NICOS AG,Stub: UNVERIFIED (Dirty Feed),-1.0,0,2,3
205094,DE,Tivon Haeberlein,Stub: UNVERIFIED (Dirty Feed),-1.0,0,2,3
205100,DE,F3 Netze e.V.,Stub: UNVERIFIED (Dirty Feed),62.82,0,3,4
24921,LV,Latvijas Mobilais Telefons SIA,Stub: SECURE (Clean Pipe),99.84,0,0,1
57692,FI,Kapsi Internet-kayttajat ry,Stub: UNVERIFIED (Dirty Feed),-1.0,0,2,2
24956,DE,Gaertner Datensysteme GmbH & Co. KG,Stub: INHERITED (Clean Pipe),-1.0,0,0,2
213392,DE,Tan Siewert,Stub: UNVERIFIED (Dirty Feed),-1.0,0,3,3
57777,DE,Jeroen Massar,Stub: UNVERIFIED (Dirty Feed),-1.0,0,2,2
57794,GR,ELLINIKA DIKTIA KALODION MEPE,Stub: SECURE (Clean Pipe),100.0,0,0,3
41424,LV,Latvian Railways,Stub: UNVERIFIED (Dirty Feed),-1.0,0,2,2
57821,DE,Nonattached Network e.V.,Stub: UNVERIFIED (Dirty Feed),-1.0,0,1,2
328162,KE,Icolo Ltd,Stub: UNVERIFIED (Dirty Feed),-1.0,0,3,4
49640,IT,S.P.E. SISTEMI E PROGETTI ELETTRONICI S.A.S. DI PRANDINI PAOLO E C.,Stub: UNVERIFIED (Dirty Feed),-1.0,0,2,3
401903,US,"Crimson Pacific Networks, LLC",Stub: UNVERIFIED (Dirty Feed),-1.0,0,3,4
16881,US,"Prall, Inc., David C",Stub: UNVERIFIED (Dirty Feed),-1.0,0,1,1
213495,DE,SERVITRO LTD,Stub: INHERITED (Clean Pipe),-1.0,0,0,1
205311,GB,Cambridge Fibre Networks Ltd.,Stub: UNVERIFIED (Dirty Feed),-1.0,0,1,1
49688,FR,John Berry,Stub: INHERITED (Clean Pipe),-1.0,0,0,1
49703,BE,CONSULTIC SRL,Stub: UNVERIFIED (Dirty Feed),-1.0,0,1,3
8745,BG,Bulgarian Academy of Sciences,Stub: UNVERIFIED (Dirty Feed),-1.0,0,1,1
197164,DE,IsarNet AG,Stub: INHERITED (Clean Pipe),-1.0,0,0,2
393773,US,Oracle Corporation,Stub: UNVERIFIED (Dirty Feed),-1.0,0,1,1
8752,RU,"AO ""ASVT""",Stub: UNVERIFIED (Dirty Feed),-1.0,0,2,3
213576,NL,Robert Weir,Stub: UNVERIFIED (Dirty Feed),-1.0,0,9,13
205400,CZ,VIVO CONNECTION spol. s r.o.,Stub: SECURE (Clean Pipe),100.0,0,0,2
205425,DE,CTS Eventim Solutions GmbH,Stub: UNVERIFIED (Dirty Feed),-1.0,0,1,2
393886,US,"Leaseweb USA, Inc.",Stub: INHERITED (Clean Pipe),91.14,0,0,2
213669,HU,Varadi Daniel,Stub: UNVERIFIED (Dirty Feed),-1.0,0,1,2
197307,CZ,"Core4Net, s.r.o.",Stub: UNVERIFIED (Dirty Feed),39.38,0,1,2
197317,DK,Nuuday A/S,Stub: INHERITED (Clean Pipe),-1.0,0,0,1
328391,ZA,Rocking Connect PTY (LTD),Stub: UNVERIFIED (Dirty Feed),-1.0,0,2,2
41690,FR,Dailymotion S.A.,Stub: UNVERIFIED (Dirty Feed),-1.0,0,1,2
41696,NL,Ram Mobile Data (Netherlands) B.V.,Stub: UNVERIFIED (Dirty Feed),-1.0,0,1,2
393960,US,Host4Geeks LLC,Stub: UNVERIFIED (Dirty Feed),-1.0,0,3,4
17138,US,Matt Peterman Sole Proprietor,Stub: INHERITED (Clean Pipe),-1.0,0,0,3
25353,CH,BAR Informatik AG,Stub: INHERITED (Clean Pipe),-1.0,0,0,2
8991,GR,Hellenic Centre for Marine Research,Stub: INHERITED (Clean Pipe),-1.0,0,0,2
205617,NL,"P. van den Belt is trading as ""QSIT"" V.O.F.",Stub: INHERITED (Clean Pipe),-1.0,0,0,1
833,US,Spearware Networks LLC,Stub: UNVERIFIED (Dirty Feed),-1.0,0,1,1
9026,IT,MYNET S.R.L.,Stub: INHERITED (Clean Pipe),-1.0,0,0,1
834,US,IPXO LLC,Stub: UNVERIFIED (Dirty Feed),-1.0,0,4,5
25412,ES,"CORPORACIO CATALANA DE MITJANS AUDIOVISUALS, S.A.",Stub: UNVERIFIED (Dirty Feed),-1.0,0,1,2
197448,PL,NT Group Systemy Informatyczne Sp. z o.o.,Stub: UNVERIFIED (Dirty Feed),-1.0,0,1,2
58202,US,NoPKT LLC,Stub: UNVERIFIED (Dirty Feed),-1.0,0,1,2
131937,JP,Joetsu Cable Vision,Stub: SECURE (Clean Pipe),98.71,0,0,2
58220,CZ,Tomas Budai,Stub: SECURE (Clean Pipe),100.0,0,0,1
9069,GR,UNIWA,Stub: INHERITED (Clean Pipe),-1.0,0,0,1
25455,NL,Guardfox SRL,Stub: UNVERIFIED (Dirty Feed),-1.0,0,2,5
132003,NZ,Network Research Lab,Stub: UNVERIFIED (Dirty Feed),-1.0,0,1,1
197564,SE,Stiftelsen for Internetinfrastruktur,Stub: INHERITED (Clean Pipe),-1.0,0,0,2
25538,DE,Internet Ulm/Neu-Ulm e.V.,Stub: UNVERIFIED (Dirty Feed),-1.0,0,1,3
9161,US,Poundbury Systems Ltd.,Stub: INHERITED (Clean Pipe),-1.0,0,0,1
205787,DE,Public Cloud Ltd.,Stub: UNVERIFIED (Dirty Feed),-1.0,0,1,1
205790,DE,DCSO Deutsche Cyber-Sicherheitsorganisation GmbH,Stub: INHERITED (Clean Pipe),-1.0,0,0,2
992,US,Modest Labs LLC,Stub: INHERITED (Clean Pipe),-1.0,0,0,1
41955,DE,SerNet Service Network GmbH,Stub: UNVERIFIED (Dirty Feed),-1.0,0,1,2
41981,DE,Flying Circus Internet Operations GmbH,Stub: UNVERIFIED (Dirty Feed),-1.0,0,1,2
33796,DK,BOLIGNET-AARHUS F.M.B.A.,Stub: SECURE (Clean Pipe),100.0,0,0,1
197641,DE,Innofinity GmbH,Stub: INHERITED (Clean Pipe),-1.0,0,0,1
197669,GB,CloudCall LTD,Stub: UNVERIFIED (Dirty Feed),-1.0,0,1,5
263224,PE,EMPRESA DE TELECOMUNICACIONES MULTIMEDIA ALFA,Stub: INHERITED (Clean Pipe),58.23,0,0,2
197696,FR,Evolix SARL,Stub: UNVERIFIED (Dirty Feed),-1.0,0,2,4
1088,US,FastBridge Fiber,Stub: SECURE (Clean Pipe),99.04,0,0,2
197712,ES,"10dencehispahard, S.L.",Stub: INHERITED (Clean Pipe),-1.0,0,0,2
25693,US,Virtual Machine Solutions LLC,Stub: UNVERIFIED (Dirty Feed),-1.0,0,1,4
197729,DE,Binect GmbH,Stub: UNVERIFIED (Dirty Feed),-1.0,0,2,3
1128,NL,Technische Universiteit Delft,Stub: INHERITED (Clean Pipe),-1.0,0,0,1
1133,NL,University of Twente,Stub: INHERITED (Clean Pipe),-1.0,0,0,1
1140,NL,Stichting Internet Domeinregistratie Nederland,Stub: UNVERIFIED (Dirty Feed),-1.0,0,1,2
205976,NO,Arribatec Cloud AS,Stub: INHERITED (Clean Pipe),-1.0,0,0,1
328870,ZA,SynBurst (Pty) Ltd,Stub: INHERITED (Clean Pipe),-1.0,0,0,1
50348,CZ,"KVADOS, a.s.",Stub: INHERITED (Clean Pipe),-1.0,0,0,2
1200,NL,Amsterdam Internet Exchange B.V.,Stub: UNVERIFIED (Dirty Feed),-1.0,0,3,6
328913,CM,ST DIGITAL,Stub: UNVERIFIED (Dirty Feed),-1.0,0,1,2
9431,NZ,The University of Auckland,Stub: UNVERIFIED (Dirty Feed),-1.0,0,1,1
25820,US,IT7 Networks Inc,Stub: UNVERIFIED (Dirty Feed),32.46,0,9,15
42207,SI,Agencija za komunikacijska omrezja in storitve republike Slovenije,Stub: INHERITED (Clean Pipe),-1.0,0,0,2
9443,AU,Vocus Retail,Stub: SECURE (Clean Pipe),99.45,0,0,1
206067,GB,Hutchison 3G UK Limited,Stub: INHERITED (Clean Pipe),88.7,0,0,2
328964,ZA,Insight Actuarial Solutions (Pty) Ltd,Stub: UNVERIFIED (Dirty Feed),-1.0,0,2,2
58631,NZ,Vista Group (NZ) Limited,Stub: UNVERIFIED (Dirty Feed),-1.0,0,2,3
206114,SE,Gavle Energi AB,Stub: INHERITED (Clean Pipe),-1.0,0,0,1
58698,AU,The University of Wollongong,Stub: INHERITED (Clean Pipe),-1.0,0,0,1
214347,GB,Massive Dynamic Technical Services Limited,Stub: UNVERIFIED (Dirty Feed),-1.0,0,2,2
34134,GB,FreeClix Ltd,Stub: INHERITED (Clean Pipe),-1.0,0,0,1
197975,US,LINK Mobility GmbH,Stub: INHERITED (Clean Pipe),-1.0,0,0,3
206177,CZ,SitePark s.r.o.,Stub: SECURE (Clean Pipe),100.0,0,0,1
214380,NL,Tim de Boer trading as tim427.net,Stub: UNVERIFIED (Dirty Feed),-1.0,0,3,6
198024,FI,Istekki Oy,Stub: INHERITED (Clean Pipe),-1.0,0,0,2
198050,PL,"Marek Piwowarski trading as ALFA-SYSTEM M. Piwowarski, A. Widera s.j.",Stub: SECURE (Clean Pipe),98.53,0,0,1
50599,PL,DATASPACE P.S.A.,Stub: UNVERIFIED (Dirty Feed),-1.0,0,3,5
198060,FR,Darva (Developpement D'applications Sur Reseaux a Valeur Ajoutee) SAS,Stub: UNVERIFIED (Dirty Feed),-1.0,0,1,3
329158,TD,N'Djamena IX,Stub: INHERITED (Clean Pipe),-1.0,0,0,1
42490,PL,ZETO-RZESZOW Sp. z o.o.,Stub: INHERITED (Clean Pipe),-1.0,0,0,1
9735,HK,Hong Kong Domain Name Registration Co. Ltd,Stub: UNVERIFIED (Dirty Feed),-1.0,0,1,1
198161,CZ,"Sokolovska uhelna, pravni nastupce, a.s.",Stub: UNVERIFIED (Dirty Feed),-1.0,0,2,3
214556,DE,Vexura UG (Haftungsbeschraenkt),Stub: INHERITED (Clean Pipe),-1.0,0,0,2
214564,ZA,Bruce Moriarty,Stub: INHERITED (Clean Pipe),-1.0,0,0,1
42557,AT,Xidras GmbH,Stub: INHERITED (Clean Pipe),-1.0,0,0,1
263759,PA,CELERO NETWORKS CORP,Stub: UNVERIFIED (Dirty Feed),39.45,0,1,2
198249,DE,Ops One AG,Stub: UNVERIFIED (Dirty Feed),-1.0,0,3,4
214640,SE,Hostup AB,Stub: UNVERIFIED (Dirty Feed),-1.0,0,1,3
50825,CZ,UVT Internet s.r.o.,Stub: UNVERIFIED (Dirty Feed),91.87,0,1,1
42643,PL,Sebastian Baginski BLAST.PL,Stub: UNVERIFIED (Dirty Feed),-1.0,0,1,2
34467,RU,"JSC Telephone Company ""Sotcom""",Stub: INHERITED (Clean Pipe),-1.0,0,0,1
214696,US,Uncollapse LLC,Stub: INHERITED (Clean Pipe),-1.0,0,0,1
42669,IT,CITTA' STUDI S.P.A.,Stub: SECURE (Clean Pipe),99.02,0,0,1
42675,SE,Obehosting AB,Stub: INHERITED (Clean Pipe),-1.0,0,0,1
1734,US,Contra Costa County Regional Occupation Program / Richmond,Stub: INHERITED (Clean Pipe),-1.0,0,0,2
42730,DE,EVANZO e-commerce GmbH,Stub: INHERITED (Clean Pipe),-1.0,0,0,2
59128,JP,Kyoto University Microcomputer Club,Stub: UNVERIFIED (Dirty Feed),-1.0,0,1,3
141073,ID,PT Juragan Wifi Indonesia,Stub: UNVERIFIED (Dirty Feed),26.24,0,2,2
50971,CZ,JHComp s.r.o.,Stub: UNVERIFIED (Dirty Feed),91.77,0,1,1
395035,US,LiveOak Fiber,Stub: SECURE (Clean Pipe),98.63,0,0,2
214822,RU,MT FINANCE LLC,Stub: UNVERIFIED (Dirty Feed),-1.0,0,1,2
1856,US,"RTX BBN Technologies, Inc.",Stub: INHERITED (Clean Pipe),-1.0,0,0,1
1888,NL,Stichting Centrum voor Wiskunde en Informatica,Stub: INHERITED (Clean Pipe),-1.0,0,0,1
1897,PT,"NOS COMUNICACOES, S.A.",Stub: INHERITED (Clean Pipe),27.1,0,0,1
1926,FI,Tampere University Foundation,Stub: INHERITED (Clean Pipe),-1.0,0,0,1
141235,US,PrimeXM Networks (Singapore) PTE. LTD,Stub: INHERITED (Clean Pipe),-1.0,0,0,1
34749,FR,GLOBAL SERVICE PROVIDER S.A.,Stub: UNVERIFIED (Dirty Feed),-1.0,0,1,2
42970,FR,Mezcalito SCOP-SARL,Stub: INHERITED (Clean Pipe),-1.0,0,0,1
18419,TW,DaDa Broadband LTD.,Stub: UNVERIFIED (Dirty Feed),77.48,0,2,2
51207,FR,Free Mobile SAS,Stub: SECURE (Clean Pipe),98.87,0,0,1
51263,GB,County Broadband Ltd,Stub: UNVERIFIED (Dirty Feed),89.81,0,1,5
198721,IT,Progetto8 Srl,Stub: UNVERIFIED (Dirty Feed),96.81,0,1,4
198725,CZ,Ultimum Technologies a.s.,Stub: INHERITED (Clean Pipe),-1.0,0,0,1
198736,GB,Stream Networks Ltd,Stub: UNVERIFIED (Dirty Feed),-1.0,0,1,2
59474,DE,Rechenzentrum Hassfurt GmbH,Stub: INHERITED (Clean Pipe),-1.0,0,0,1
34915,RO,METROPOLITAN SERVICES SRL,Stub: UNVERIFIED (Dirty Feed),-1.0,0,2,2
198761,NL,Simac IT NL B.V.,Stub: UNVERIFIED (Dirty Feed),-1.0,0,1,2
43127,CH,Ifolor AG,Stub: UNVERIFIED (Dirty Feed),-1.0,0,1,2
10364,US,University of Alabama in Huntsville,Stub: UNVERIFIED (Dirty Feed),-1.0,0,2,2
34948,FR,Claranet SAS,Stub: INHERITED (Clean Pipe),-1.0,0,0,1
34949,FR,IDLINE SAS,Stub: UNVERIFIED (Dirty Feed),-1.0,0,1,3
395412,US,VS Media Inc.,Stub: UNVERIFIED (Dirty Feed),-1.0,0,1,3
34970,FR,Diatem SAS,Stub: UNVERIFIED (Dirty Feed),-1.0,0,2,3
34979,GB,39D Services LTD,Stub: INHERITED (Clean Pipe),-1.0,0,0,1
215248,BR,Bastiaan Mathijs Brink,Stub: UNVERIFIED (Dirty Feed),-1.0,0,7,8
215250,DE,Tobias Fiebig,Stub: INHERITED (Clean Pipe),-1.0,0,0,1
59617,GB,Andy Davidson,Stub: INHERITED (Clean Pipe),-1.0,0,0,1
18663,US,University of the Pacific,Stub: UNVERIFIED (Dirty Feed),-1.0,0,3,4
35063,PL,Chopin Telewizja Kablowa spolka z ograniczona odpowiedzialnoscia,Stub: SECURE (Clean Pipe),99.13,0,0,2
35065,DE,Leipziger Messe GmbH,Stub: INHERITED (Clean Pipe),-1.0,0,0,2
35071,GB,Xoom Limited,Stub: INHERITED (Clean Pipe),-1.0,0,0,1
198923,SI,Mitja Herbaj,Stub: UNVERIFIED (Dirty Feed),-1.0,0,1,1
207146,IT,Netikom SRL,Stub: UNVERIFIED (Dirty Feed),-1.0,0,1,2
59715,IT,Comune di San Benedetto del Tronto,Stub: UNVERIFIED (Dirty Feed),-1.0,0,1,2
198985,FR,AQUILENET,Stub: UNVERIFIED (Dirty Feed),-1.0,0,1,3
215370,US,Thomas Sebastiaan Viet trading as Wasabi Hosting,Stub: UNVERIFIED (Dirty Feed),-1.0,0,1,4
198990,US,Pine Hosting LTD,Stub: INHERITED (Clean Pipe),-1.0,0,0,1
35158,DK,Dansk Net A/S,Stub: UNVERIFIED (Dirty Feed),35.09,0,1,2
18792,US,Meme Holdings LLC,Stub: UNVERIFIED (Dirty Feed),-1.0,0,1,1
141681,MN,ONDO LLC,Stub: SECURE (Clean Pipe),100.0,0,0,1
10620,CO,Telmex Colombia S.A.,Stub: UNVERIFIED (Dirty Feed),70.84,0,1,1
133504,DE,PAOCLOUD,Stub: UNVERIFIED (Dirty Feed),-1.0,0,6,9
395651,US,Tahoe Internet Exchange (TahoeIX),Stub: INHERITED (Clean Pipe),-1.0,0,0,1
59787,PT,"WebSP - Comercio e Prestacao de Servicos Informaticos, Lda",Stub: INHERITED (Clean Pipe),-1.0,0,0,1
59789,AT,CISMO Clearing Integrated Services and Market Operations Gmb,Stub: INHERITED (Clean Pipe),-1.0,0,0,1
43408,GB,Orange Cyberdefense UK Limited,Stub: UNVERIFIED (Dirty Feed),-1.0,0,3,3
215444,NL,MOA Group GmbH,Stub: UNVERIFIED (Dirty Feed),-1.0,0,1,2
215455,RU,GENERAL IT RUS LLC,Stub: UNVERIFIED (Dirty Feed),-1.0,0,2,3
272809,VE,"THUNDERNET, C.A.",Stub: UNVERIFIED (Dirty Feed),39.82,0,4,5
272839,AR,NETCALLS SOCIEDAD DE RESPONSABILIDAD LIMITADA,Stub: UNVERIFIED (Dirty Feed),-1.0,0,2,2
51664,FR,Bilendi Technology SARL,Stub: UNVERIFIED (Dirty Feed),-1.0,0,2,2
264660,VE,MESH COMUNICACIONES C.A.,Stub: UNVERIFIED (Dirty Feed),-1.0,0,1,1
199128,MK,PET NET DOO Gevgelija,Stub: INHERITED (Clean Pipe),88.83,0,0,1
199150,SE,Excedo Networks AB,Stub: INHERITED (Clean Pipe),-1.0,0,0,1
2552,US,Washington University,Stub: SECURE (Clean Pipe),99.04,0,0,2
199188,GB,PrimeXM Services (Cyprus) Ltd,Stub: INHERITED (Clean Pipe),-1.0,0,0,1
2637,US,Georgia Institute of Technology,Stub: UNVERIFIED (Dirty Feed),94.07,0,1,2
273002,UY,TRACTORAL SOCIEDAD ANONIMA,Stub: UNVERIFIED (Dirty Feed),-1.0,0,2,2
60016,CH,Fiberstream 87 AG,Stub: UNVERIFIED (Dirty Feed),-1.0,0,1,1
199297,FR,Vyme SASU,Stub: UNVERIFIED (Dirty Feed),-1.0,0,1,1
51852,PA,Private Layer INC,Stub: UNVERIFIED (Dirty Feed),-1.0,0,1,1
273041,GT,Universidad de San Carlos de Guatemala,Stub: UNVERIFIED (Dirty Feed),-1.0,0,1,1
215704,CZ,NGN CZ s.r.o.,Stub: UNVERIFIED (Dirty Feed),-1.0,0,1,3
35492,AT,FunkFeuer Wien - Verein zur Foerderung freier Netze,Stub: UNVERIFIED (Dirty Feed),-1.0,0,1,4
215733,IE,Blacknight Internet Solutions Limited,Stub: SECURE (Clean Pipe),100.0,0,0,1
199354,NL,Arab States Research and Education Network (ASREN) Gemeinnutzige GmbH,Stub: UNVERIFIED (Dirty Feed),-1.0,0,1,1
10961,US,Boston GigaPoP,Stub: INHERITED (Clean Pipe),-1.0,0,0,2
60117,NL,Host Sailor Ltd,Stub: UNVERIFIED (Dirty Feed),-1.0,0,2,4
43749,HU,Happymed Healthcare and IT Provider Co. Ltd.,Stub: UNVERIFIED (Dirty Feed),-1.0,0,1,1
199399,GR,National Infrastructures for Research and Technology S.A.,IXP / Peer / Stub,-1.0,0,0,0
2792,DE,Deutsche Telekom AG,Stub: INHERITED (Clean Pipe),-1.0,0,0,1
60150,DE,area-7 IT-Services GmbH,Stub: UNVERIFIED (Dirty Feed),-1.0,0,2,4
60156,FI,Solution Design Inc Oy,Stub: INHERITED (Clean Pipe),-1.0,0,0,2
27411,US,"Leaseweb USA, Inc.",Stub: INHERITED (Clean Pipe),92.83,0,0,2
142108,TH,Rotko Networks,Stub: UNVERIFIED (Dirty Feed),-1.0,0,1,2
51996,PL,MicroStrategy Poland Sp. z o.o.,Stub: UNVERIFIED (Dirty Feed),-1.0,0,1,2
199471,NL,Marcel Straub,Stub: UNVERIFIED (Dirty Feed),-1.0,0,4,5
60273,ES,ALTANETICA S.L.,Stub: SECURE (Clean Pipe),100.0,0,0,2
11131,US,University of Maryland Baltimore County (UMBC),Stub: UNVERIFIED (Dirty Feed),94.29,0,3,3
35710,DE,weber.digital GmbH,Stub: UNVERIFIED (Dirty Feed),-1.0,0,2,4
60288,LU,Eurobase GmbH,Stub: UNVERIFIED (Dirty Feed),-1.0,0,2,2
43910,DE,Intra2net AG,Stub: INHERITED (Clean Pipe),-1.0,0,0,2
60304,AL,Starnet Sh.p.k.,Stub: SECURE (Clean Pipe),98.44,0,0,1
396190,US,"Leaseweb USA, Inc.",Stub: SECURE (Clean Pipe),98.42,0,0,3
52130,CZ,LiveSport s.r.o.,Stub: INHERITED (Clean Pipe),-1.0,0,0,2
215981,US,X-Fibre Ltd,Stub: UNVERIFIED (Dirty Feed),-1.0,0,1,2
43950,GB,"Terence Froy trading as ""Spilsby Internet Solutions""",Stub: UNVERIFIED (Dirty Feed),-1.0,0,1,2
43965,IR,Tehran University of Medical Science,Stub: SECURE (Clean Pipe),100.0,0,0,2
207825,SE,Datarymden Internet AB,Stub: INHERITED (Clean Pipe),-1.0,0,0,1
199636,FR,Free Pro SAS,Stub: SECURE (Clean Pipe),99.71,0,0,1
60382,GB,Cranleigh School,Stub: INHERITED (Clean Pipe),-1.0,0,0,2
134111,AU,Commonwealth Scientific and Industrial Research Organisation,Stub: INHERITED (Clean Pipe),-1.0,0,0,1
35829,US,"auth-servers, LLC",Stub: UNVERIFIED (Dirty Feed),-1.0,0,2,4
44024,RO,Radu Draghici,Stub: UNVERIFIED (Dirty Feed),-1.0,0,1,1
44034,SE,Hi3G Access AB,Stub: SECURE (Clean Pipe),99.93,0,0,3
207886,CZ,ECOMP spol s r.o.,Stub: UNVERIFIED (Dirty Feed),61.62,0,1,1
216104,EU,Photonic Networks Ltd,Stub: INHERITED (Clean Pipe),-1.0,0,0,1
60470,RU,SkyNet Ltd.,Stub: INHERITED (Clean Pipe),-1.0,0,0,1
19528,US,"Meridian Parkway Data Center Owner, LLC",Stub: UNVERIFIED (Dirty Feed),-1.0,0,5,6
396362,US,"Leaseweb USA, Inc.",Stub: SECURE (Clean Pipe),98.26,0,0,3
216139,NL,Iron Hosting Centre LTD,Stub: UNVERIFIED (Dirty Feed),-1.0,0,2,3
216176,DE,Maurice Preuss,Stub: INHERITED (Clean Pipe),-1.0,0,0,1
44176,GB,VNext AB,Stub: SECURE (Clean Pipe),99.39,0,0,2
150685,JP,Ching Kuo,Stub: UNVERIFIED (Dirty Feed),-1.0,0,1,1
27806,GF,WAYSCOM,Stub: INHERITED (Clean Pipe),-1.0,0,0,1
36007,US,"Kamatera, Inc.",Stub: UNVERIFIED (Dirty Feed),76.89,0,2,5
44212,IE,Adelphi Net1 Ltd,Stub: SECURE (Clean Pipe),100.0,0,0,2
52431,AR,CyberWave S.A.,Stub: UNVERIFIED (Dirty Feed),85.43,0,4,5
134356,MN,"NBC Co.,Ltd",Stub: SECURE (Clean Pipe),100.0,0,0,2
208098,GB,THREDD UK LIMITED,Stub: INHERITED (Clean Pipe),-1.0,0,0,2
396515,CA,YYCIX,Stub: UNVERIFIED (Dirty Feed),-1.0,0,1,2
199918,DE,Wilton Arthur Poth,Stub: UNVERIFIED (Dirty Feed),-1.0,0,1,2
199937,NL,ANWB B.V.,Stub: UNVERIFIED (Dirty Feed),-1.0,0,2,3
208135,DE,Carl Fabian Luepke,Stub: INHERITED (Clean Pipe),-1.0,0,0,1
44297,FR,ICODIA SAS,Stub: UNVERIFIED (Dirty Feed),-1.0,0,2,3
216333,NL,NetDev UG (haftungsbeschraenkt),Stub: UNVERIFIED (Dirty Feed),-1.0,0,2,4
199959,US,GWY IT PTY LTD,Stub: UNVERIFIED (Dirty Feed),75.71,0,3,4
60713,PL,EXEA Sp. z o.o.,Stub: UNVERIFIED (Dirty Feed),-1.0,0,2,3
216368,RU,Petersburg Internet Network ltd.,Stub: UNVERIFIED (Dirty Feed),-1.0,0,1,1
208183,DE,Internetmanufaktur Karlsruhe UG (haftungsbeschraenkt),Stub: UNVERIFIED (Dirty Feed),-1.0,0,1,2
60767,DE,Robert Finze,Stub: UNVERIFIED (Dirty Feed),-1.0,0,1,2
200040,TR,Netgigabit iletisim Hizmetleri Ltd. Sti,Stub: UNVERIFIED (Dirty Feed),28.03,0,2,2
11655,CA,Saskatoon Internet Exchange Inc,Stub: INHERITED (Clean Pipe),-1.0,0,0,2
28075,AR,ARLINK S.A.,Stub: UNVERIFIED (Dirty Feed),66.51,0,8,9
200129,FR,LHISP S.A.,Stub: INHERITED (Clean Pipe),-1.0,0,0,2
208323,AT,Foundation for Applied Privacy,Stub: UNVERIFIED (Dirty Feed),56.52,0,1,2
60943,IT,FIBERLAND SRLS,Stub: INHERITED (Clean Pipe),-1.0,0,0,2
200223,NL,Lars Jannick Volkers trading as Etheron Hosting,Stub: UNVERIFIED (Dirty Feed),-1.0,0,1,1
208449,IT,"Micky Del Favero trading as ""BeeCloudy.net""",Stub: UNVERIFIED (Dirty Feed),-1.0,0,2,4
274017,CO,Floriano SAS,Stub: UNVERIFIED (Dirty Feed),-1.0,0,2,2
61029,NL,DODW Holding B.V.,Stub: UNVERIFIED (Dirty Feed),-1.0,0,1,3
44651,HU,Kalasznet Kabel TV Kft,Stub: INHERITED (Clean Pipe),-1.0,0,0,1
208520,SA,King Abdul Aziz City for Science and Technology,Stub: UNVERIFIED (Dirty Feed),-1.0,0,1,1
61098,CH,Exoscale (Akenes SA),Stub: UNVERIFIED (Dirty Feed),-1.0,0,6,8
208563,DE,CodeReactor Limited,Stub: UNVERIFIED (Dirty Feed),-1.0,0,3,4
396982,US,Google Cloud Platform,Stub: INHERITED (Clean Pipe),64.59,0,0,2
44746,SE,Satellithuset i Limmared AB,Stub: INHERITED (Clean Pipe),-1.0,0,0,1
208590,US,Lasagna Ltd,Stub: INHERITED (Clean Pipe),-1.0,0,0,1
397018,US,Cloud Propeller,Stub: INHERITED (Clean Pipe),-1.0,0,0,3
3842,US,"InMotion Hosting, Inc.",Stub: UNVERIFIED (Dirty Feed),76.78,0,4,6
53006,BR,ALGAR TELECOM S/A,Stub: UNVERIFIED (Dirty Feed),83.26,0,1,1
208725,BE,Devrandom.be BV,Stub: UNVERIFIED (Dirty Feed),-1.0,0,2,3
3927,US,RGnet OU,Stub: UNVERIFIED (Dirty Feed),-1.0,0,1,2
12127,SV,Telefonica Moviles El Salvador S.A. de C.V.,Stub: UNVERIFIED (Dirty Feed),-1.0,0,2,2
397168,CA,National Capital Freenet Inc,Stub: UNVERIFIED (Dirty Feed),-1.0,0,1,3
208772,DE,Freifunk Stuttgart e.V.,Stub: INHERITED (Clean Pipe),-1.0,0,0,3
208789,FR,SENAT,Stub: INHERITED (Clean Pipe),-1.0,0,0,1
44949,NL,Gigacodes GmbH,Stub: UNVERIFIED (Dirty Feed),-1.0,0,2,5
200599,DE,eins energie in sachsen GmbH & Co. KG,Stub: UNVERIFIED (Dirty Feed),36.09,0,1,3
208888,CO,"Four Mirror Advisors, S.L.",Stub: INHERITED (Clean Pipe),-1.0,0,0,1
208906,CZ,"SYNOT ICT Services, a.s.",Stub: UNVERIFIED (Dirty Feed),-1.0,0,1,2
208920,IT,Rocket Way S.R.L.,Stub: UNVERIFIED (Dirty Feed),-1.0,0,1,2
4128,US,RGnet OU,Stub: UNVERIFIED (Dirty Feed),-1.0,0,1,2
208927,DE,WILO SE,Stub: INHERITED (Clean Pipe),-1.0,0,0,2
28728,HU,Infornax Information Technology Zrt.,Stub: UNVERIFIED (Dirty Feed),-1.0,0,1,1
397376,US,IFN,Stub: UNVERIFIED (Dirty Feed),-1.0,0,1,2
12361,GR,VODAFONE-PANAFON HELLENIC TELECOMMUNICATIONS COMPANY SA,Stub: SECURE (Clean Pipe),99.48,0,0,1
45131,NZ,REANNZ Head Office,Stub: INHERITED (Clean Pipe),-1.0,0,0,1
208974,DE,Internetmanufaktur Karlsruhe UG (haftungsbeschraenkt),Stub: UNVERIFIED (Dirty Feed),-1.0,0,1,1
12374,DE,LF.net Netzwerksysteme GmbH,Stub: UNVERIFIED (Dirty Feed),-1.0,0,1,5
28785,PL,Asseco Cloud Sp. z o. o.,Stub: UNVERIFIED (Dirty Feed),-1.0,0,1,3
20596,GB,Future Publishing Ltd,Stub: INHERITED (Clean Pipe),-1.0,0,0,3
28854,SE,SavMAN AB,Stub: SECURE (Clean Pipe),100.0,0,0,1
200906,FR,MCT SAS,Stub: UNVERIFIED (Dirty Feed),-1.0,0,3,3
135421,AU,"SALKELD, MATTHEW T/A MATTHEW SALKELD CONSULTING",Stub: UNVERIFIED (Dirty Feed),-1.0,0,1,2
200995,NL,BIT BV,Stub: INHERITED (Clean Pipe),-1.0,0,0,1
209198,GB,Offshore Renewable Energy Catapult,Stub: UNVERIFIED (Dirty Feed),-1.0,0,1,2
53550,US,"NTT Cloud Communications US, Inc.",Stub: UNVERIFIED (Dirty Feed),-1.0,0,3,6
151858,VN,INTERDIGI JOINT STOCK COMPANY,Stub: UNVERIFIED (Dirty Feed),-1.0,0,2,3
20798,FI,EPTE Oy,Stub: INHERITED (Clean Pipe),-1.0,0,0,1
29018,DE,trivago N.V.,Stub: UNVERIFIED (Dirty Feed),-1.0,0,2,3
209252,SE,PGL ESPORTS SRL,Stub: UNVERIFIED (Dirty Feed),-1.0,0,1,4
20857,NL,TransIP B.V. (team.blue NL),Stub: UNVERIFIED (Dirty Feed),-1.0,0,1,1
29086,CZ,"GiTy, a.s.",Stub: INHERITED (Clean Pipe),-1.0,0,0,2
397727,US,Atlantic IXPs Inc.,Stub: INHERITED (Clean Pipe),-1.0,0,0,1
4528,HK,The University of Hong Kong,Stub: SECURE (Clean Pipe),98.33,0,0,1
29122,BG,i-Wet Ltd.,Stub: INHERITED (Clean Pipe),-1.0,0,0,1
201155,DE,embeDD GmbH,Stub: UNVERIFIED (Dirty Feed),-1.0,0,2,2
12775,GB,JPC Infonet Ltd,Stub: UNVERIFIED (Dirty Feed),-1.0,0,2,3
20986,FR,EasyTeam SAS,Stub: UNVERIFIED (Dirty Feed),-1.0,0,1,2
53763,US,"Lakeside Network, LLC",Stub: UNVERIFIED (Dirty Feed),-1.0,0,1,1
201220,IT,Gruppo EURIS Spa,Stub: INHERITED (Clean Pipe),-1.0,0,0,1
201240,AT,Rocket NG GmbH,Stub: UNVERIFIED (Dirty Feed),-1.0,0,1,2
21034,IT,Micso s.r.l.,Stub: UNVERIFIED (Dirty Feed),97.47,0,1,3
209465,AL,VIG SERVICES SHQIPERI Sh.p.k.,Stub: INHERITED (Clean Pipe),-1.0,0,0,1
29247,GR,Ote SA (Hellenic Telecommunications Organisation),Stub: SECURE (Clean Pipe),99.91,0,0,1
21079,AT,Oesterreichische Kontrollbank Aktiengesellschaft,Stub: UNVERIFIED (Dirty Feed),-1.0,0,1,2
62080,ES,Adrian Almenar Serrano,Stub: INHERITED (Clean Pipe),-1.0,0,0,1
53910,CA,Northwestel Inc.,Stub: INHERITED (Clean Pipe),-1.0,0,0,1
397990,US,Williamslabs LLC,Stub: INHERITED (Clean Pipe),-1.0,0,0,1
62141,FR,COMPAGNIE NATIONALE DU RHONE S.A.,Stub: UNVERIFIED (Dirty Feed),-1.0,0,1,3
12990,PL,Ringier Axel Springer Polska Sp. z o.o.,Stub: UNVERIFIED (Dirty Feed),-1.0,0,1,3
37578,KE,Telecommunication Sevice  Providers Association of Kenya - TESPOK,Stub: UNVERIFIED (Dirty Feed),-1.0,0,2,2
135887,AU,Belong (Telstra Limited),Stub: SECURE (Clean Pipe),99.8,0,0,1
29423,DE,gridscale GmbH,Stub: UNVERIFIED (Dirty Feed),-1.0,0,2,2
398065,US,Fritz Lab LLC,Stub: INHERITED (Clean Pipe),-1.0,0,0,1
135932,VN,Viet Storage Technology Joint Stock Company,Stub: UNVERIFIED (Dirty Feed),95.45,0,3,4
21247,FR,Association IP Synergies,Stub: UNVERIFIED (Dirty Feed),-1.0,0,3,3
21260,GB,The Positive Internet Company Ltd,Stub: UNVERIFIED (Dirty Feed),-1.0,0,1,3
62227,GB,EKCO CLOUD AND SECURITY LIMITED,Stub: UNVERIFIED (Dirty Feed),-1.0,0,1,3
398113,US,Gateway Fiber LLC,Stub: SECURE (Clean Pipe),99.27,0,0,3
29484,DE,Ruhr-Universitaet Bochum,Stub: UNVERIFIED (Dirty Feed),-1.0,0,1,2
62310,DE,axilaris GmbH,Stub: INHERITED (Clean Pipe),-1.0,0,0,2
62357,FI,2M-IT Oy,Stub: INHERITED (Clean Pipe),-1.0,0,0,2
209815,FR,SNC ALTAREA MANAGEMENT,Stub: UNVERIFIED (Dirty Feed),-1.0,0,2,2
201636,FR,Tec6 SARL,Stub: UNVERIFIED (Dirty Feed),-1.0,0,1,1
201644,NL,Brabant Water N.V,Stub: INHERITED (Clean Pipe),-1.0,0,0,1
13246,DE,Key-Systems GmbH,Stub: UNVERIFIED (Dirty Feed),-1.0,0,2,3
13251,DE,QiTEC GmbH,Stub: UNVERIFIED (Dirty Feed),-1.0,0,1,2
152533,IN,"National Institute of Technology Karnataka, Surathkal",Stub: UNVERIFIED (Dirty Feed),-1.0,0,2,2
46050,ID,PT JC Indonesia,Stub: UNVERIFIED (Dirty Feed),-1.0,0,2,3
209894,DE,Foerderverein Freie Infrastruktur e.V.,Stub: UNVERIFIED (Dirty Feed),-1.0,0,1,5
209915,DE,trivago N.V.,Stub: UNVERIFIED (Dirty Feed),-1.0,0,2,2
21538,FR,IGWAN.NET,Stub: UNVERIFIED (Dirty Feed),-1.0,0,1,1
201773,GB,University of Warwick,Stub: INHERITED (Clean Pipe),-1.0,0,0,1
62538,US,ipFail Networks,Stub: UNVERIFIED (Dirty Feed),-1.0,0,1,2
13427,US,"Softcom Internet Communications, Inc.",Stub: SECURE (Clean Pipe),100.0,0,0,2
398493,US,System In Place,Stub: SECURE (Clean Pipe),100.0,0,0,1
210140,SE,GAVLEBORGS LANS LANDSTING,Stub: INHERITED (Clean Pipe),-1.0,0,0,1
5409,DE,toplink GmbH,Stub: INHERITED (Clean Pipe),-1.0,0,0,3
152873,JP,Neodyland,Stub: UNVERIFIED (Dirty Feed),-1.0,0,2,3
202032,IT,GOLINE SA,Stub: UNVERIFIED (Dirty Feed),-1.0,0,3,8
5436,FR,Computacenter France SAS,Stub: INHERITED (Clean Pipe),-1.0,0,0,2
54594,US,Illuminate Hillsboro,Stub: SECURE (Clean Pipe),98.63,0,0,2
62787,US,Snark Holding Corp.,Stub: INHERITED (Clean Pipe),-1.0,0,0,2
202066,FR,Green IT Solutions Sarl,Stub: INHERITED (Clean Pipe),-1.0,0,0,1
5470,GR,Aristotle University of Thessaloniki,Stub: SECURE (Clean Pipe),100.0,0,0,2
202094,IT,FINDER SpA,Stub: UNVERIFIED (Dirty Feed),-1.0,0,1,2
210303,DE,Hamburg Port Authority AoeR,Stub: INHERITED (Clean Pipe),-1.0,0,0,2
202112,GR,TELMACO S.A,Stub: UNVERIFIED (Dirty Feed),-1.0,0,1,1
21903,US,Arnhem Networks LLC,Stub: UNVERIFIED (Dirty Feed),-1.0,0,5,6
5520,DE,Universitaet zu Koeln,Stub: INHERITED (Clean Pipe),-1.0,0,0,1
46505,US,NixiHost.com Incorporated,Stub: UNVERIFIED (Dirty Feed),-1.0,0,2,3
30133,US,ISC F-ROOT NUL0,Stub: UNVERIFIED (Dirty Feed),-1.0,0,1,1
210374,PT,Pedro Direito,Stub: UNVERIFIED (Dirty Feed),-1.0,0,1,1
202196,NL,Booking.com BV,Stub: UNVERIFIED (Dirty Feed),-1.0,0,7,11
267743,PE,GILAT NETWORKS PERU S.A.,Stub: UNVERIFIED (Dirty Feed),-1.0,0,2,2
210429,NL,Hizakura B.V.,Stub: INHERITED (Clean Pipe),-1.0,0,0,1
202288,GB,Matthew Martin,Stub: UNVERIFIED (Dirty Feed),-1.0,0,1,1
267841,CO,GIGAS HOSTING COLOMBIA S.A.S.,Stub: UNVERIFIED (Dirty Feed),-1.0,0,1,1
202329,DE,Verein zur Foerderung freier Netze Region Mittlerer Oberrhein e.V.,Stub: UNVERIFIED (Dirty Feed),-1.0,0,1,1
30298,US,META Solutions,Stub: UNVERIFIED (Dirty Feed),-1.0,0,1,1
398960,US,Cryoflesh Inc,Stub: UNVERIFIED (Dirty Feed),-1.0,0,1,2
398986,US,secured.gg (Gameserverkings),Stub: INHERITED (Clean Pipe),-1.0,0,0,2
202422,US,G-Core Labs S.A.,Stub: SECURE (Clean Pipe),99.71,0,0,1
54978,US,ZYWAVE INC,Stub: UNVERIFIED (Dirty Feed),-1.0,0,3,4
202454,GB,Pine Media Ltd,Stub: SECURE (Clean Pipe),98.06,0,0,2
399105,CA,CECREVIER,Stub: UNVERIFIED (Dirty Feed),-1.0,0,1,1
22296,US,Vorsk LLC,Stub: UNVERIFIED (Dirty Feed),-1.0,0,2,3
63322,US,Parler Cloud,Stub: INHERITED (Clean Pipe),-1.0,0,0,2
137074,PH,Responsible Internet Sustainability Effort,Stub: INHERITED (Clean Pipe),90.89,0,0,1
210805,GB,Open Infra ISP Production International AB,Stub: INHERITED (Clean Pipe),-1.0,0,0,2
202616,AT,Wien Energie GmbH,Stub: SECURE (Clean Pipe),99.14,0,0,1
202618,CZ,"Rychly drat, s.r.o.",Stub: UNVERIFIED (Dirty Feed),84.39,0,1,1
399242,US,CodingFlyBoy LLC,Stub: INHERITED (Clean Pipe),-1.0,0,0,1
202663,FR,VOGANET SARL,Stub: UNVERIFIED (Dirty Feed),-1.0,0,2,2
202693,DE,Erik Schneider,Stub: UNVERIFIED (Dirty Feed),-1.0,0,2,3
202716,DE,WWK Lebensversicherung a.G.,Stub: INHERITED (Clean Pipe),-1.0,0,0,2
47132,AT,Innonet ICT-Services GmbH,Stub: INHERITED (Clean Pipe),-1.0,0,0,2
14383,US,"M3COM of Virginia, Inc",Stub: INHERITED (Clean Pipe),-1.0,0,0,1
38965,NL,Rick van der Sterren trading as HostIn,Stub: UNVERIFIED (Dirty Feed),-1.0,0,3,4
39029,NO,Redpill Linpro AS,Stub: UNVERIFIED (Dirty Feed),-1.0,0,1,3
153720,AU,Mark Delany,Stub: INHERITED (Clean Pipe),-1.0,0,0,1
6269,US,"AT&T Enterprises, LLC",Stub: INHERITED (Clean Pipe),-1.0,0,0,1
202898,FR,DEVELOPPEMENT D'APPLICATIONS SUR RESEAUX A VALEUR AJOUTEE SA,Stub: INHERITED (Clean Pipe),-1.0,0,0,1
22684,CA,SSI Micro Ltd.,Stub: INHERITED (Clean Pipe),-1.0,0,0,1
47317,CZ,"Web4ce, s.r.o.",Stub: INHERITED (Clean Pipe),-1.0,0,0,1
6364,US,"Atlantic.net, Inc.",Stub: UNVERIFIED (Dirty Feed),60.77,0,3,6
6373,US,Opus One,Stub: INHERITED (Clean Pipe),-1.0,0,0,2
39150,RU,HOSTING TELECOM LTD,Stub: UNVERIFIED (Dirty Feed),-1.0,0,3,3
63734,VN,365 Online technology joint stock company,Stub: INHERITED (Clean Pipe),-1.0,0,0,1
63806,JP,Human-life Information Platforms Institute,Stub: UNVERIFIED (Dirty Feed),-1.0,0,1,2
63834,US,PrimeXM Networks (Singapore) PTE. LTD,Stub: INHERITED (Clean Pipe),-1.0,0,0,1
211327,RO,CODEVAULT SRL,Stub: UNVERIFIED (Dirty Feed),-1.0,0,2,2
47490,IE,TuxBox,Stub: UNVERIFIED (Dirty Feed),-1.0,0,1,1
211381,NL,Podaon SIA,Stub: UNVERIFIED (Dirty Feed),97.6,0,2,4
63949,US,Akamai (Linode),Stub: UNVERIFIED (Dirty Feed),57.83,0,4,7
23007,VE,Universidad de Los Andes,Stub: UNVERIFIED (Dirty Feed),-1.0,0,1,1
211462,RO,Andrei Tiberiu Holt,Stub: UNVERIFIED (Dirty Feed),-1.0,0,2,2
399899,US,Lightening Systems,Stub: UNVERIFIED (Dirty Feed),-1.0,0,1,3
47648,FR,NOREST SERVICES SAS,Stub: UNVERIFIED (Dirty Feed),-1.0,0,1,2
203296,FI,Kristillinen Media Oy,Stub: INHERITED (Clean Pipe),-1.0,0,0,2
203315,GB,Web Wiz Ltd,Stub: INHERITED (Clean Pipe),-1.0,0,0,3
14907,BR,Wikimedia Foundation Inc.,Stub: UNVERIFIED (Dirty Feed),-1.0,0,6,14
39484,FI,Pirkan Opiskelija-asunnot Oy,Stub: INHERITED (Clean Pipe),-1.0,0,0,1
203352,FR,NEYRIAL CENTRE FRANCE SAS,Stub: UNVERIFIED (Dirty Feed),-1.0,0,1,2
6750,ES,"Soluciones Dinamicas de la Red, S.L.",Stub: UNVERIFIED (Dirty Feed),-1.0,0,1,2
55911,JP,kazukichi,Stub: UNVERIFIED (Dirty Feed),-1.0,0,2,2
14956,US,RouterHosting LLC,Stub: UNVERIFIED (Dirty Feed),59.21,0,5,7
47727,CZ,Warnet.cz s.r.o.,Stub: UNVERIFIED (Dirty Feed),-1.0,0,2,2
39542,FR,SIGMA INFORMATIQUE SAS,Stub: UNVERIFIED (Dirty Feed),-1.0,0,1,2
203457,ES,Fundacio Institut de Ciencies Fotoniques (ICFO),Stub: INHERITED (Clean Pipe),-1.0,0,0,1
203476,FR,GANDI SAS,Stub: INHERITED (Clean Pipe),-1.0,0,0,1
6878,DE,T-Systems International GmbH,Stub: INHERITED (Clean Pipe),-1.0,0,0,2
203488,CZ,DaLuNET s.r.o.,Stub: SECURE (Clean Pipe),100.0,0,0,1
39648,SE,DataCom Group Nordic AB,Stub: INHERITED (Clean Pipe),-1.0,0,0,1
211694,FR,Alpes Networks SAS,Stub: INHERITED (Clean Pipe),-1.0,0,0,2
31472,GB,VoiceHost Ltd,Stub: SECURE (Clean Pipe),100.0,0,0,2
15088,US,First Network Group Inc,Stub: UNVERIFIED (Dirty Feed),-1.0,0,1,2
31493,GB,TWENTYTWENTYMEDIA LIMITED,Stub: UNVERIFIED (Dirty Feed),-1.0,0,1,2
31520,UA,"PRIVATE JOINT STOCK COMPANY ""DATAGROUP""",Stub: SECURE (Clean Pipe),99.8,0,0,1
203592,DE,CLOUD & HEAT Technologies GmbH,Stub: INHERITED (Clean Pipe),-1.0,0,0,2
211809,GR,VALITY SA,Stub: UNVERIFIED (Dirty Feed),-1.0,0,1,1
39790,CZ,Web4U s.r.o.,Stub: UNVERIFIED (Dirty Feed),-1.0,0,1,3
400245,US,AlphaCentri Corporation,Stub: INHERITED (Clean Pipe),-1.0,0,0,1
31615,NL,Odido Netherlands B.V.,Stub: SECURE (Clean Pipe),99.98,0,0,1
39857,FI,Aalto University Student Union,Stub: INHERITED (Clean Pipe),-1.0,0,0,1
23483,US,Shasta County Office of Education,Stub: UNVERIFIED (Dirty Feed),-1.0,0,2,2
64449,SE,Datakonsult Magnus Sandberg,Stub: INHERITED (Clean Pipe),-1.0,0,0,1
31705,DE,Europaischen Organisation fuer die Nutzung Meteorologischen Satelliten (Eumetsat),Stub: UNVERIFIED (Dirty Feed),-1.0,0,1,2
39900,LV,SIA GOOD,Stub: UNVERIFIED (Dirty Feed),-1.0,0,1,2
31708,XX,Coreix Ltd,IXP / Peer / Stub,-1.0,0,0,0
400371,US,PUEBLO OF LAGUNA UTILITY AUTHORITY,Stub: SECURE (Clean Pipe),100.0,0,0,1
39935,CY,NETSMART (CYPRUS) LTD,Stub: INHERITED (Clean Pipe),-1.0,0,0,2
48154,DE,Thomas Horx & Christian Wetzig GbR,Stub: INHERITED (Clean Pipe),-1.0,0,0,1
211997,US,EHO.LINK SAS,Stub: UNVERIFIED (Dirty Feed),-1.0,0,1,2
56357,DE,Technical University of Munich,Stub: INHERITED (Clean Pipe),-1.0,0,0,1
203817,FI,Kuhmon kyläverkko-osuuskunta,Stub: INHERITED (Clean Pipe),-1.0,0,0,1
212049,DE,Jonathan Nebel,Stub: UNVERIFIED (Dirty Feed),-1.0,0,1,3
40021,US,"Contabo (Nubes, LLC)",Stub: UNVERIFIED (Dirty Feed),89.38,0,1,3
56427,CZ,Michal Hradil,Stub: INHERITED (Clean Pipe),-1.0,0,0,1
23719,AU,University of Sydney,Stub: INHERITED (Clean Pipe),-1.0,0,0,1
203953,DK,Hiper A/S,Stub: SECURE (Clean Pipe),100.0,0,0,1
31922,US,"Datto, LLC",Stub: UNVERIFIED (Dirty Feed),-1.0,0,2,3
400564,US,"Weston Reed, Sole Proprietorship",Stub: INHERITED (Clean Pipe),-1.0,0,0,1
400566,US,Sergio Zygmunt,Stub: INHERITED (Clean Pipe),-1.0,0,0,2
15556,RU,"City Solutions, LLC",Stub: UNVERIFIED (Dirty Feed),-1.0,0,2,2
48328,DE,retarus GmbH,Stub: UNVERIFIED (Dirty Feed),-1.0,0,2,5
204003,DE,Jan-Eric Ortgies,Stub: UNVERIFIED (Dirty Feed),-1.0,0,2,4
204020,US,Fenice Telekom Grupa d.o.o.,Stub: INHERITED (Clean Pipe),-1.0,0,0,3
400644,US,BGPKIT LLC,Stub: INHERITED (Clean Pipe),-1.0,0,0,1
48390,CH,Lucas Dousse,Stub: INHERITED (Clean Pipe),-1.0,0,0,2
56588,EE,Information System Authority,Stub: INHERITED (Clean Pipe),-1.0,0,0,1
204053,DE,ADESTIS GmbH,Stub: UNVERIFIED (Dirty Feed),-1.0,0,2,3
204057,LT,Duomenu apdorojimo centras LTD,Stub: UNVERIFIED (Dirty Feed),-1.0,0,2,4
15693,NL,Today Concepts B.V.,Stub: UNVERIFIED (Dirty Feed),-1.0,0,2,3
400719,US,RJN Services,Stub: UNVERIFIED (Dirty Feed),-1.0,0,2,4
7514,JP,"Computer Engineering & Consulting, Ltd.",Stub: UNVERIFIED (Dirty Feed),-1.0,0,2,3
212321,FR,PC A LA CARTE SASU,Stub: UNVERIFIED (Dirty Feed),-1.0,0,1,2
212323,CH,Daedalean AG,Stub: UNVERIFIED (Dirty Feed),-1.0,0,1,2
204151,NL,EWII Bredbaand A/S,Stub: UNVERIFIED (Dirty Feed),-1.0,0,1,1
15817,DE,Mittwald GmbH,Stub: UNVERIFIED (Dirty Feed),-1.0,0,1,2
7645,AU,Deakin University,Stub: INHERITED (Clean Pipe),-1.0,0,0,1
204253,DE,CTS Eventim Solutions GmbH,Stub: UNVERIFIED (Dirty Feed),-1.0,0,3,4
204296,DE,VEKA AG,Stub: UNVERIFIED (Dirty Feed),-1.0,0,3,4
48661,CZ,"AIRWAYNET, a.s.",Stub: SECURE (Clean Pipe),100.0,0,0,2
204310,DE,Synergies GmbH,Stub: INHERITED (Clean Pipe),-1.0,0,0,1
40490,NL,"Afilias, Inc.",Stub: UNVERIFIED (Dirty Feed),-1.0,0,1,1
56876,DE,Ociris GmbH,Stub: UNVERIFIED (Dirty Feed),-1.0,0,3,4
204334,SE,Vassbacks Fibernat ek. for.,Stub: UNVERIFIED (Dirty Feed),-1.0,0,1,2
147040,MY,NEBULA SYSTEMS SDN BHD,Stub: UNVERIFIED (Dirty Feed),-1.0,0,4,4
24164,TW,UNION BROADBAND NETWORK,Stub: UNVERIFIED (Dirty Feed),42.53,0,1,1
48777,DE,DARC e.V.,Stub: INHERITED (Clean Pipe),-1.0,0,0,3
204467,MD,AIRSTREAM SRL,Stub: INHERITED (Clean Pipe),-1.0,0,0,1
270009,EC,GUALAN JAPON LUIS JOAQUIN (SARAGUROSNET),Stub: UNVERIFIED (Dirty Feed),95.79,0,2,2
401167,CA,Sinn Development Ltd.,Stub: UNVERIFIED (Dirty Feed),-1.0,0,1,1
57103,FR,Nomotech SAS,Stub: UNVERIFIED (Dirty Feed),-1.0,0,2,3
48926,CZ,Pe3ny Net s.r.o.,Stub: SECURE (Clean Pipe),99.21,0,0,1
139049,AU,GIGACOMM PTY LTD,Stub: SECURE (Clean Pipe),100.0,0,0,1
48945,GB,OPEN FIBRE NETWORKS (WHOLESALE) LIMITED,Stub: SECURE (Clean Pipe),98.39,0,0,1
16188,DE,punkt.de GmbH,Stub: INHERITED (Clean Pipe),-1.0,0,0,1
24390,FJ,The University of the South Pacific,Stub: INHERITED (Clean Pipe),-1.0,0,0,1
212832,FR,Association REPTIGO,Stub: UNVERIFIED (Dirty Feed),-1.0,0,1,1
212855,NL,Jelle Luteijn,Stub: UNVERIFIED (Dirty Feed),-1.0,0,3,5
57225,US,Floris van der Krieken,Stub: INHERITED (Clean Pipe),-1.0,0,0,1
212882,LU,dnx network sarl,Stub: INHERITED (Clean Pipe),-1.0,0,0,3
57254,PL,FHU SKANET Wojciech Capek,Stub: UNVERIFIED (Dirty Feed),-1.0,0,1,1
204731,GB,FIBRENEST LIMITED,Stub: SECURE (Clean Pipe),98.17,0,0,2
57294,CZ,Internet Expert s.r.o.,Stub: SECURE (Clean Pipe),100.0,0,0,1
40916,US,"Evalse, LLC",Stub: UNVERIFIED (Dirty Feed),-1.0,0,2,3
204796,DE,Krones AG,Stub: INHERITED (Clean Pipe),-1.0,0,0,2
