asn,name,cc,verdict,apnic_score,cone,dirty_feeds,total_feeds
1299,Arelion (fka. Telia Carrier),XX,CORE PROTECTOR (Tier 1),-1,61899,0,0
3356,Lumen (Level 3),XX,CORE PROTECTOR (Tier 1),-1,61868,0,0
174,"Cogent Communications, LLC",XX,CORE PROTECTOR (Tier 1),-1,56709,0,0
3257,GTT Communications Inc.,XX,CORE PROTECTOR (Tier 1),-1,44086,0,0
6939,Hurricane Electric LLC,XX,CORE PROTECTOR (Tier 1),-1,34660,0,0
3320,Deutsche Telekom AG,XX,CORE PROTECTOR (Tier 1),-1,12418,0,0
701,Verizon Business,XX,CORE PROTECTOR (Tier 1),-1,4741,0,0
6830,Liberty Global Europe Holding B.V.,XX,CORE PROTECTOR (Tier 1),-1,3315,0,0
7018,"AT&T Enterprises, LLC",XX,CORE PROTECTOR (Tier 1),-1,2684,0,0
9002,RETN Limited,XX,Transit: UNVERIFIED (Dirty Feed),-1,12943,22,28
141013,GetaFIX Content Network,XX,Transit: INHERITED (Clean Pipe),-1,10570,0,1
1273,Vodafone Group PLC,XX,Transit: UNVERIFIED (Dirty Feed),-1,6183,5,10
7195,EdgeUno,XX,Transit: UNVERIFIED (Dirty Feed),-1,4067,6,10
20764,CJSC RASCOM,XX,Transit: UNVERIFIED (Dirty Feed),-1,2751,13,16
7922,"Comcast Cable Communications, LLC",XX,Transit: UNVERIFIED (Dirty Feed),-1,2729,5,9
4826,Vocus Connect International Backbone,XX,Transit: UNVERIFIED (Dirty Feed),-1,1907,12,18
5405,Inter.link GmbH,XX,Transit: UNVERIFIED (Dirty Feed),-1,1899,7,10
8220,COLT,XX,Transit: UNVERIFIED (Dirty Feed),-1,1544,10,15
5617,Orange Polska Spolka Akcyjna,XX,Transit: UNVERIFIED (Dirty Feed),-1,1186,1,2
20473,"The Constant Company, LLC",XX,Transit: UNVERIFIED (Dirty Feed),-1,1034,21,32
1221,Telstra Limited,XX,Transit: UNVERIFIED (Dirty Feed),-1,960,1,3
13335,"Cloudflare, Inc.",XX,Transit: UNVERIFIED (Dirty Feed),-1,934,230,255
24482,SG.GS,XX,Transit: UNVERIFIED (Dirty Feed),-1,854,10,12
37100,SEACOM Limited,XX,Transit: UNVERIFIED (Dirty Feed),-1,653,12,17
2497,Internet Initiative Japan Inc.,XX,Transit: UNVERIFIED (Dirty Feed),-1,640,3,7
12741,Netia SA,XX,Transit: UNVERIFIED (Dirty Feed),-1,589,10,12
209,Lumen (ex. Qwest),XX,Transit: INHERITED (Clean Pipe),-1,510,0,1
22773,Cox Communications Inc.,XX,Transit: INHERITED (Clean Pipe),-1,507,0,3
3303,Swisscom (Schweiz) AG,XX,Transit: UNVERIFIED (Dirty Feed),-1,503,6,11
7029,Windstream Communications LLC,XX,Transit: UNVERIFIED (Dirty Feed),-1,502,6,7
4788,TM Technology Services Sdn. Bhd.,XX,Transit: UNVERIFIED (Dirty Feed),-1,481,8,12
8708,DIGI ROMANIA S.A.,XX,Transit: UNVERIFIED (Dirty Feed),-1,467,5,8
577,Bell Canada,XX,Transit: UNVERIFIED (Dirty Feed),-1,467,6,12
3326,Datagroup PJSC,XX,Transit: UNVERIFIED (Dirty Feed),-1,457,3,7
38195,Superloop,XX,Transit: UNVERIFIED (Dirty Feed),-1,409,5,10
17676,SoftBank Corp.,XX,Transit: UNVERIFIED (Dirty Feed),-1,401,4,8
9141,P4 Sp. z o.o.,XX,Transit: INHERITED (Clean Pipe),-1,390,0,2
1764,Next Layer Telecommunications,XX,Transit: UNVERIFIED (Dirty Feed),-1,381,2,7
50629,LWLcom GmbH,XX,Transit: UNVERIFIED (Dirty Feed),-1,360,1,5
35320,Eurotranstelecom Ltd,XX,Transit: UNVERIFIED (Dirty Feed),-1,346,2,5
23947,PT Mora Telematika Indonesia Tbk,XX,Transit: UNVERIFIED (Dirty Feed),-1,320,7,11
18403,FPT Telecom Company,XX,Transit: UNVERIFIED (Dirty Feed),-1,311,15,18
10796,Charter Communications Inc,XX,Transit: UNVERIFIED (Dirty Feed),-1,305,3,4
199524,Gcore S.A.,XX,Transit: UNVERIFIED (Dirty Feed),-1,278,34,46
12880,Iran Information Technology Company PJSC,XX,Transit: UNVERIFIED (Dirty Feed),-1,267,1,1
852,TELUS Communications Inc.,XX,Transit: UNVERIFIED (Dirty Feed),-1,257,2,7
1257,Tele2 Sverige AB,XX,Transit: UNVERIFIED (Dirty Feed),-1,257,6,9
9299,PLDT (Philippine Long Distance Telephone Company),XX,Transit: UNVERIFIED (Dirty Feed),-1,225,12,17
12874,Fastweb SpA,XX,Transit: UNVERIFIED (Dirty Feed),-1,223,4,9
3214,xTom GmbH,XX,Transit: UNVERIFIED (Dirty Feed),-1,220,3,7
30781,Free Pro SAS,XX,Transit: UNVERIFIED (Dirty Feed),-1,203,3,5
60171,AFR-IX TELECOM S.A.,XX,Transit: UNVERIFIED (Dirty Feed),-1,200,11,16
24724,Atman Sp. z o.o.,XX,Transit: INHERITED (Clean Pipe),-1,199,0,3
3215,Orange S.A.,XX,Transit: UNVERIFIED (Dirty Feed),-1,194,1,2
41327,Fiber Telecom S.p.A.,XX,Transit: UNVERIFIED (Dirty Feed),-1,183,6,10
8866,Vivacom Bulgaria EAD,XX,Transit: UNVERIFIED (Dirty Feed),-1,177,6,10
4764,Aussie Broadband,XX,Transit: UNVERIFIED (Dirty Feed),-1,177,1,6
16019,Vodafone Czech Republic a.s.,XX,Transit: INHERITED (Clean Pipe),-1,176,0,2
57866,Fusix Networks B.V.,XX,Transit: UNVERIFIED (Dirty Feed),-1,173,5,8
2119,Telenor Norge AS,XX,Transit: UNVERIFIED (Dirty Feed),-1,172,4,7
53667,FranTech Solutions,XX,Transit: UNVERIFIED (Dirty Feed),-1,169,3,5
4713,NTT Communications Corporation (OCN),XX,Transit: UNVERIFIED (Dirty Feed),-1,167,1,2
8400,Telekom Srbija a.d.,XX,Transit: UNVERIFIED (Dirty Feed),-1,164,4,7
6667,Elisa Oyj,XX,Transit: UNVERIFIED (Dirty Feed),-1,160,1,5
208972,GIBIRNet Iletisim,XX,Transit: UNVERIFIED (Dirty Feed),-1,154,5,6
11427,Charter Communications Inc,XX,Transit: UNVERIFIED (Dirty Feed),-1,149,3,3
48070,DSM (GB) Limited,XX,Transit: UNVERIFIED (Dirty Feed),-1,149,2,3
20001,Charter Communications Inc,XX,Transit: UNVERIFIED (Dirty Feed),-1,147,4,6
6079,RCN,XX,Transit: UNVERIFIED (Dirty Feed),-1,147,1,5
49800,GNC-Alfa CJSC,XX,Transit: UNVERIFIED (Dirty Feed),-1,144,2,4
36236,"NetActuate, Inc",XX,Transit: UNVERIFIED (Dirty Feed),-1,139,14,23
55850,Mercury NZ Limited,XX,Transit: UNVERIFIED (Dirty Feed),-1,139,2,3
3292,TDC Holding A/S,XX,Transit: UNVERIFIED (Dirty Feed),-1,129,2,6
3462,HiNet (Chunghwa Telecom),XX,Transit: UNVERIFIED (Dirty Feed),-1,129,3,4
55002,"F5, Inc.",XX,Transit: UNVERIFIED (Dirty Feed),-1,123,3,3
16509,"Amazon.com, Inc.",XX,Transit: UNVERIFIED (Dirty Feed),-1,118,10,20
3399,Obenet AB,XX,Transit: UNVERIFIED (Dirty Feed),-1,117,1,3
29208,"Quantcom, a.s.",XX,Transit: UNVERIFIED (Dirty Feed),-1,110,2,4
7575,Australian Academic and Research Network (AARNet),XX,Transit: UNVERIFIED (Dirty Feed),-1,110,3,5
58224,Iran Telecommunication Company PJS,XX,Transit: UNVERIFIED (Dirty Feed),-1,109,3,4
28343,Unifique Telecomunicações SA,XX,Transit: UNVERIFIED (Dirty Feed),-1,109,2,4
33363,"Charter Communications, Inc",XX,Transit: UNVERIFIED (Dirty Feed),-1,108,1,1
2518,BIGLOBE Inc.,XX,Transit: UNVERIFIED (Dirty Feed),-1,106,3,5
15576,NTS workspace AG,XX,Transit: UNVERIFIED (Dirty Feed),-1,105,2,5
207841,Inferno Communications Ltd,XX,Transit: UNVERIFIED (Dirty Feed),-1,104,3,3
3301,Telia Company AB,XX,Transit: INHERITED (Clean Pipe),-1,104,0,1
11351,Charter Communications Inc,XX,Transit: UNVERIFIED (Dirty Feed),-1,98,2,2
3352,TELEFONICA DE ESPANA S.A.U.,XX,Transit: UNVERIFIED (Dirty Feed),-1,96,1,1
15895,"""Kyivstar"" PJSC",XX,Transit: UNVERIFIED (Dirty Feed),-1,96,1,4
12479,Orange Espagne SA,XX,Transit: UNVERIFIED (Dirty Feed),-1,94,1,2
11426,Charter Communications Inc,XX,Transit: UNVERIFIED (Dirty Feed),-1,93,1,1
56655,Gigahost AS,XX,Transit: UNVERIFIED (Dirty Feed),-1,93,1,3
29802,"HIVELOCITY, Inc.",XX,Transit: UNVERIFIED (Dirty Feed),-1,91,9,15
31242,P4 Sp. z o.o.,XX,Transit: INHERITED (Clean Pipe),-1,90,0,3
55824,NKN Core Network,XX,Transit: UNVERIFIED (Dirty Feed),-1,87,2,2
719,Elisa Oyj,XX,Transit: INHERITED (Clean Pipe),-1,85,0,1
39351,31173 Services AB,XX,Transit: UNVERIFIED (Dirty Feed),-1,84,1,4
47160,MOJI SAS,XX,Transit: UNVERIFIED (Dirty Feed),-1,81,4,6
63927,RISE,XX,Transit: UNVERIFIED (Dirty Feed),-1,80,3,7
8767,M-net Telekommunikations GmbH,XX,Transit: UNVERIFIED (Dirty Feed),-1,79,2,5
18106,Viewqwest Pte Ltd,XX,Transit: UNVERIFIED (Dirty Feed),-1,79,13,17
45177,Devoli,XX,Transit: UNVERIFIED (Dirty Feed),-1,77,3,3
12779,IT.Gate S.p.A.,XX,Transit: UNVERIFIED (Dirty Feed),-1,76,3,5
5483,Magyar Telekom Plc.,XX,Transit: UNVERIFIED (Dirty Feed),-1,75,2,4
39686,Eurofiber Nederland BV,XX,Transit: INHERITED (Clean Pipe),-1,75,0,2
37497,Network Platforms (PTY) LTD,XX,Transit: UNVERIFIED (Dirty Feed),-1,73,4,7
209735,Lagrange Cloud Technologies Limited,XX,Transit: UNVERIFIED (Dirty Feed),-1,73,1,3
27951,Media Commerce Partners S.A,XX,Transit: UNVERIFIED (Dirty Feed),-1,65,8,10
1759,Telia Finland Oyj,XX,Transit: INHERITED (Clean Pipe),-1,64,0,1
9145,EWE TEL GmbH,XX,Transit: UNVERIFIED (Dirty Feed),-1,63,1,5
2852,CESNET z.s.p.o.,XX,Transit: UNVERIFIED (Dirty Feed),-1,62,6,7
393577,Tritan Development,XX,Transit: UNVERIFIED (Dirty Feed),-1,61,2,4
17451,Biznet Networks,XX,Transit: UNVERIFIED (Dirty Feed),-1,60,5,9
5089,Virgin Media Limited,XX,Transit: UNVERIFIED (Dirty Feed),-1,60,1,3
35699,Adamo Telecom Iberia S.A.,XX,Transit: UNVERIFIED (Dirty Feed),-1,59,3,6
16086,DNA Oyj,XX,Transit: UNVERIFIED (Dirty Feed),-1,59,1,4
8473,Bahnhof AB,XX,Transit: INHERITED (Clean Pipe),-1,58,0,3
11232,Midcontinent Communications,XX,Transit: UNVERIFIED (Dirty Feed),-1,58,2,5
21413,Envia Tel GmbH,XX,Transit: UNVERIFIED (Dirty Feed),-1,57,2,6
12271,Charter Communications Inc,XX,Transit: UNVERIFIED (Dirty Feed),-1,55,2,2
20207,Gigared S.A.,XX,Transit: UNVERIFIED (Dirty Feed),-1,54,3,5
28725,CETIN a.s.,XX,Transit: INHERITED (Clean Pipe),-1,54,0,2
9136,WOBCOM GmbH,XX,Transit: UNVERIFIED (Dirty Feed),-1,53,2,5
6849,"JSC ""Ukrtelecom""",XX,Transit: UNVERIFIED (Dirty Feed),-1,52,4,10
29695,Lyse Tele AS,XX,Transit: INHERITED (Clean Pipe),-1,51,0,3
394177,Shift Hosting LLC,XX,Transit: INHERITED (Clean Pipe),-1,50,0,3
9268,Over The Wire Pty Ltd,XX,Transit: UNVERIFIED (Dirty Feed),-1,50,1,2
6661,POST Luxembourg,XX,Transit: UNVERIFIED (Dirty Feed),-1,49,1,2
21700,"Neptune Networks, LLC",XX,Transit: INHERITED (Clean Pipe),-1,48,0,3
55666,PT Media Sarana Data,XX,Transit: UNVERIFIED (Dirty Feed),-1,47,10,11
24875,NovoServe B.V.,XX,Transit: UNVERIFIED (Dirty Feed),-1,46,3,7
1136,KPN B.V.,XX,Transit: UNVERIFIED (Dirty Feed),-1,46,2,4
3262,"SAREnet, S.A.",XX,Transit: UNVERIFIED (Dirty Feed),-1,46,1,4
199081,Lancom Ltd.,XX,Transit: UNVERIFIED (Dirty Feed),-1,45,1,6
2860,"NOS COMUNICACOES, S.A.",XX,Transit: UNVERIFIED (Dirty Feed),-1,45,1,3
11776,Breezeline,XX,Transit: UNVERIFIED (Dirty Feed),-1,44,1,2
4181,TDS TELECOM,XX,Transit: INHERITED (Clean Pipe),-1,43,0,3
25400,Telia Norge AS,XX,Transit: INHERITED (Clean Pipe),-1,42,0,1
9607,"BroadBand Tower, Inc.",XX,Transit: UNVERIFIED (Dirty Feed),-1,42,2,4
3816,COLOMBIA TELECOMUNICACIONES S.A. ESP BIC,XX,Transit: UNVERIFIED (Dirty Feed),-1,42,1,1
29169,GANDI SAS,XX,Transit: UNVERIFIED (Dirty Feed),-1,42,4,7
21738,Rozint,XX,Transit: UNVERIFIED (Dirty Feed),-1,41,1,4
8283,Netwerkvereniging Coloclue,XX,Transit: UNVERIFIED (Dirty Feed),-1,40,8,9
1653,Vetenskapsrådet / SUNET,XX,Transit: UNVERIFIED (Dirty Feed),-1,40,1,1
36352,HostPapa,XX,Transit: UNVERIFIED (Dirty Feed),-1,40,5,8
61461,Airtek Solutions C.A.,XX,Transit: UNVERIFIED (Dirty Feed),-1,40,5,10
25248,RADIOKOMUNIKACE a.s.,XX,Transit: INHERITED (Clean Pipe),-1,39,0,3
51088,A2B IP B.V.,XX,Transit: UNVERIFIED (Dirty Feed),-1,38,1,3
5408,National Infrastructures for Research and Technology S.A.,XX,Transit: UNVERIFIED (Dirty Feed),-1,38,2,3
6799,Ote SA (Hellenic Telecommunications Organisation),XX,Transit: UNVERIFIED (Dirty Feed),-1,38,1,1
29405,VNET a.s.,XX,Transit: UNVERIFIED (Dirty Feed),-1,36,1,6
6736,Institute for Research in Fundamental Sciences,XX,Transit: UNVERIFIED (Dirty Feed),-1,36,1,1
6866,Cyprus Telecommunications Authority,XX,Transit: UNVERIFIED (Dirty Feed),-1,36,2,6
16302,Suomi Communications Oy,XX,Transit: UNVERIFIED (Dirty Feed),-1,36,2,4
8434,Telenor Sverige AB,XX,Transit: INHERITED (Clean Pipe),-1,35,0,1
25512,CD-Telematika a.s.,XX,Transit: INHERITED (Clean Pipe),-1,35,0,2
394256,Tech Futures Interactive Inc.,XX,Transit: UNVERIFIED (Dirty Feed),-1,35,4,7
34019,Hivane Association,XX,Transit: UNVERIFIED (Dirty Feed),-1,35,6,10
4213,Krypt Technologies,XX,Transit: UNVERIFIED (Dirty Feed),-1,35,1,5
197071,active 1 GmbH,XX,Transit: UNVERIFIED (Dirty Feed),-1,34,3,5
17054,Expedient,XX,Transit: UNVERIFIED (Dirty Feed),-1,34,2,8
680,Deutsches Forschungsnetz (DFN),XX,Transit: INHERITED (Clean Pipe),-1,34,0,3
45204,GEMNET LLC,XX,Transit: UNVERIFIED (Dirty Feed),-1,34,22,28
786,Jisc Services Limited,XX,Transit: INHERITED (Clean Pipe),-1,33,0,2
59105,Home NOC Operators Group,XX,Transit: UNVERIFIED (Dirty Feed),-1,33,5,7
3329,Vodafone Greece,XX,Transit: UNVERIFIED (Dirty Feed),-1,33,2,3
41720,Revolution Provider S.r.l.,XX,Transit: UNVERIFIED (Dirty Feed),-1,32,2,5
1241,Nova Telecommunications & Media Single Member S.A,XX,Transit: UNVERIFIED (Dirty Feed),-1,32,2,3
29670,"Individual Network Berlin (""IN-Berlin"") e.V.",XX,Transit: UNVERIFIED (Dirty Feed),-1,32,3,8
39326,Syntura Group Limited,XX,Transit: UNVERIFIED (Dirty Feed),-1,32,1,2
35432,Cablenet Communication Systems plc,XX,Transit: UNVERIFIED (Dirty Feed),-1,31,1,2
47692,Nessus GmbH,XX,Transit: UNVERIFIED (Dirty Feed),-1,31,2,4
131429,MOBIFONE Corporation,XX,Transit: UNVERIFIED (Dirty Feed),-1,30,6,9
10143,Exetel Pty Ltd,XX,Transit: INHERITED (Clean Pipe),-1,30,0,1
12337,noris network AG,XX,Transit: UNVERIFIED (Dirty Feed),-1,30,4,8
20676,Plusnet GmbH,XX,Transit: UNVERIFIED (Dirty Feed),-1,30,1,4
12859,BIT BV,XX,Transit: UNVERIFIED (Dirty Feed),-1,30,1,2
39216,AL-SARD FIBER Co.,XX,Transit: UNVERIFIED (Dirty Feed),-1,30,4,8
56911,Warian S.R.L.,XX,Transit: UNVERIFIED (Dirty Feed),-1,30,4,7
29518,Bredband2 AB,XX,Transit: INHERITED (Clean Pipe),-1,29,0,2
13213,UK-2 Limited,XX,Transit: UNVERIFIED (Dirty Feed),-1,29,3,8
32425,Pixel Factory,XX,Transit: UNVERIFIED (Dirty Feed),-1,29,2,6
41108,comtrance service GmbH,XX,Transit: UNVERIFIED (Dirty Feed),-1,28,1,1
1103,SURF B.V.,XX,Transit: UNVERIFIED (Dirty Feed),-1,28,2,5
11967,Hop179 LLC,XX,Transit: UNVERIFIED (Dirty Feed),-1,28,5,7
803,Saskatchewan Telecommunications,XX,Transit: UNVERIFIED (Dirty Feed),-1,27,3,5
2611,BELNET,XX,Transit: INHERITED (Clean Pipe),-1,27,0,3
6821,Makedonski Telekom AD-Skopje,XX,Transit: UNVERIFIED (Dirty Feed),-1,27,2,4
33915,Vodafone Libertel B.V.,XX,Transit: INHERITED (Clean Pipe),-1,26,0,1
2027,MilkyWan,XX,Transit: UNVERIFIED (Dirty Feed),-1,26,5,7
208453,Johan Karlsson (SweHosting),XX,Transit: UNVERIFIED (Dirty Feed),-1,26,2,3
6306,"TELEFONICA VENEZOLANA, C.A. (Movistar)",XX,Transit: UNVERIFIED (Dirty Feed),-1,26,3,4
15943,wilhelm.tel GmbH,XX,Transit: UNVERIFIED (Dirty Feed),-1,26,3,8
57630,84 Grams AB,XX,Transit: INHERITED (Clean Pipe),-1,25,0,3
18001,Dialog Axiata PLC.,XX,Transit: UNVERIFIED (Dirty Feed),-1,25,5,8
5413,Wavenet Limited,XX,Transit: INHERITED (Clean Pipe),-1,25,0,3
6848,Telenet BV,XX,Transit: INHERITED (Clean Pipe),-1,25,0,2
7122,Bell Canada,XX,Transit: INHERITED (Clean Pipe),-1,25,0,1
15964,CAMTEL,XX,Transit: UNVERIFIED (Dirty Feed),-1,25,4,6
33185,Hive Data Center Inc.,XX,Transit: INHERITED (Clean Pipe),-1,24,0,4
553,BelWü,XX,Transit: UNVERIFIED (Dirty Feed),-1,24,1,5
50266,Odido Netherlands B.V.,XX,Transit: UNVERIFIED (Dirty Feed),-1,24,1,5
22742,Connecticut Education Network,XX,Transit: UNVERIFIED (Dirty Feed),-1,24,1,4
55805,MobiCom Corporation,XX,Transit: UNVERIFIED (Dirty Feed),-1,24,1,3
15954,"Tecnocratica Centro de Datos, S.L.",XX,Transit: UNVERIFIED (Dirty Feed),-1,24,1,4
207252,Felix Gassan,XX,Transit: UNVERIFIED (Dirty Feed),-1,23,2,5
44684,Mythic Beasts Ltd,XX,Transit: UNVERIFIED (Dirty Feed),-1,23,1,2
39120,Convergenze S.p.A.,XX,Transit: UNVERIFIED (Dirty Feed),-1,23,4,8
39122,Blacknight Internet Solutions Limited,XX,Transit: INHERITED (Clean Pipe),-1,23,0,3
39642,Norlys Digital A/S,XX,Transit: INHERITED (Clean Pipe),-1,23,0,3
41960,Nextpertise B.V.,XX,Transit: UNVERIFIED (Dirty Feed),-1,22,4,7
51048,Next Connex Ltd,XX,Transit: INHERITED (Clean Pipe),-1,22,0,2
13009,Redcentric Solutions Ltd,XX,Transit: INHERITED (Clean Pipe),-1,22,0,3
212027,PebbleHost Ltd,XX,Transit: UNVERIFIED (Dirty Feed),-1,22,3,7
32270,"LD Telecommunications, Inc.",XX,Transit: INHERITED (Clean Pipe),-1,22,0,3
24521,PT Data Utama Dinamika,XX,Transit: UNVERIFIED (Dirty Feed),-1,22,4,4
18809,Cable Onda,XX,Transit: UNVERIFIED (Dirty Feed),-1,21,2,3
12611,R-KOM Regensburger,XX,Transit: UNVERIFIED (Dirty Feed),-1,21,3,5
13127,Odido Netherlands B.V.,XX,Transit: INHERITED (Clean Pipe),-1,21,0,1
15169,Google LLC,XX,Transit: UNVERIFIED (Dirty Feed),-1,21,9,15
400304,Redoubt Networks (Crunchbits),XX,Transit: INHERITED (Clean Pipe),-1,21,0,2
15623,Cyberlink AG,XX,Transit: UNVERIFIED (Dirty Feed),-1,21,4,8
24971,MasterDC s.r.o.,XX,Transit: UNVERIFIED (Dirty Feed),-1,20,1,3
25144,Telekomunikacije Republike Srpske a.d.,XX,Transit: UNVERIFIED (Dirty Feed),-1,20,2,3
34953,RelAix Networks GmbH,XX,Transit: UNVERIFIED (Dirty Feed),-1,20,1,5
35047,Abissnet sh.a.,XX,Transit: INHERITED (Clean Pipe),-1,20,0,3
36925,Orange Maroc,XX,Transit: UNVERIFIED (Dirty Feed),-1,20,3,4
21334,One Hungary Ltd.,XX,Transit: INHERITED (Clean Pipe),-1,20,0,2
46475,"Limestone Networks, Inc.",XX,Transit: UNVERIFIED (Dirty Feed),-1,20,5,9
30456,Cosmic Global Networks,XX,Transit: UNVERIFIED (Dirty Feed),-1,20,1,4
8968,BT Italia S.p.A.,XX,Transit: UNVERIFIED (Dirty Feed),-1,19,1,4
50973,Vodafone Albania Sh.A.,XX,Transit: UNVERIFIED (Dirty Feed),-1,19,1,4
209097,NETSYST SAS,XX,Transit: UNVERIFIED (Dirty Feed),-1,19,3,6
20712,Andrews & Arnold Ltd,XX,Transit: UNVERIFIED (Dirty Feed),-1,19,2,5
20912,Panservice s.a.s. di Cuseo Fabrizio & C.,XX,Transit: UNVERIFIED (Dirty Feed),-1,19,1,5
31252,StarNet Solutii SRL,XX,Transit: UNVERIFIED (Dirty Feed),-1,19,1,7
8426,Claranet Limited,XX,Transit: UNVERIFIED (Dirty Feed),-1,18,3,6
13285,TalkTalk Communications Limited,XX,Transit: UNVERIFIED (Dirty Feed),-1,18,2,6
48314,IP-Projects GmbH & Co. KG,XX,Transit: UNVERIFIED (Dirty Feed),-1,18,7,11
8585,Crnogorski Telekom a.d.Podgorica,XX,Transit: UNVERIFIED (Dirty Feed),-1,17,1,1
215467,Skhron OU,XX,Transit: UNVERIFIED (Dirty Feed),-1,17,5,7
27882,Telefónica Celular de Bolivia S.A.,XX,Transit: UNVERIFIED (Dirty Feed),-1,17,6,6
13101,TNG Stadtnetz GmbH,XX,Transit: UNVERIFIED (Dirty Feed),-1,17,1,5
39040,NTS workspace AG,XX,Transit: UNVERIFIED (Dirty Feed),-1,17,3,3
32133,Ting Fiber Inc.,XX,Transit: UNVERIFIED (Dirty Feed),-1,17,2,4
24723,Atman Sp. z o.o.,XX,Transit: INHERITED (Clean Pipe),-1,16,0,3
49505,JSC Selectel,XX,Transit: UNVERIFIED (Dirty Feed),-1,16,4,8
200132,Peter-Paul Maria Kurstjens,XX,Transit: UNVERIFIED (Dirty Feed),-1,16,3,6
20904,Cinia Oy (fka. Netplaza),XX,Transit: INHERITED (Clean Pipe),-1,16,0,2
4581,Socket Holdings Corporation,XX,Transit: INHERITED (Clean Pipe),-1,16,0,3
47526,handily networks GmbH,XX,Transit: UNVERIFIED (Dirty Feed),-1,16,1,5
8728,AS INFONET,XX,Transit: INHERITED (Clean Pipe),-1,15,0,3
8943,Jump Networks Ltd,XX,Transit: INHERITED (Clean Pipe),-1,15,0,2
34428,Giulio Lo Presti,XX,Transit: UNVERIFIED (Dirty Feed),-1,15,1,6
3308,Telia Company AB (Denmark),XX,Transit: INHERITED (Clean Pipe),-1,15,0,1
44486,"Oliver Horscht is trading as ""SYNLINQ""",XX,Transit: UNVERIFIED (Dirty Feed),-1,15,3,5
61468,CEDIA,XX,Transit: UNVERIFIED (Dirty Feed),-1,15,6,9
5539,SpaceNet AG,XX,Transit: UNVERIFIED (Dirty Feed),-1,15,3,8
31263,MYNET S.R.L.,XX,Transit: UNVERIFIED (Dirty Feed),-1,15,1,2
33983,ARTMOTION SH.P.K.,XX,Transit: INHERITED (Clean Pipe),-1,14,0,3
198385,AlpineDC SA,XX,Transit: UNVERIFIED (Dirty Feed),-1,14,2,5
2609,Tunisia BackBone AS,XX,Transit: UNVERIFIED (Dirty Feed),-1,14,3,5
3132,Red Cientifica Peruana,XX,Transit: UNVERIFIED (Dirty Feed),-1,14,4,7
4725,SoftBank Corp.,XX,Transit: UNVERIFIED (Dirty Feed),-1,14,1,2
30742,Bremen Briteline GmbH,XX,Transit: INHERITED (Clean Pipe),-1,14,0,6
8240,Information System Authority Republic of Estonia,XX,Transit: INHERITED (Clean Pipe),-1,13,0,2
8365,Man-da.de GmbH,XX,Transit: UNVERIFIED (Dirty Feed),-1,13,1,3
8468,Cityfibre Limited,XX,Transit: INHERITED (Clean Pipe),-1,13,0,2
8888,xTom Pty Ltd,XX,Transit: UNVERIFIED (Dirty Feed),-1,13,2,6
42184,TKRZ Stadtwerke GmbH,XX,Transit: UNVERIFIED (Dirty Feed),-1,13,1,5
26210,AXS Bolivia S. A.,XX,Transit: UNVERIFIED (Dirty Feed),-1,13,1,1
50877,Airbeam S.r.l.,XX,Transit: UNVERIFIED (Dirty Feed),-1,13,4,7
51087,Bling Network Ltd,XX,Transit: UNVERIFIED (Dirty Feed),-1,13,5,7
43541,VSHosting s.r.o.,XX,Transit: INHERITED (Clean Pipe),-1,13,0,2
28685,Routit BV,XX,Transit: INHERITED (Clean Pipe),-1,13,0,1
37187,Inq. Digital Limited,XX,Transit: UNVERIFIED (Dirty Feed),-1,13,1,2
21263,TeleData GmbH,XX,Transit: UNVERIFIED (Dirty Feed),-1,13,2,6
30851,Sileman Sp. z o.o.,XX,Transit: UNVERIFIED (Dirty Feed),-1,13,3,4
211588,Innovation Harbor B.V.,XX,Transit: UNVERIFIED (Dirty Feed),-1,13,1,2
400212,VergeTel Group LLC,XX,Transit: UNVERIFIED (Dirty Feed),-1,13,1,3
41009,Oleksandr Melnyk,XX,Transit: UNVERIFIED (Dirty Feed),-1,12,1,3
50340,Selectel - Moscow,XX,Transit: UNVERIFIED (Dirty Feed),-1,12,8,11
214439,"Zhuhai Xiyun Cloud Technology Co., Ltd.",XX,Transit: UNVERIFIED (Dirty Feed),-1,12,2,2
42541,Fiberby ApS,XX,Transit: INHERITED (Clean Pipe),-1,12,0,3
59645,Tobias Fiebig,XX,Transit: UNVERIFIED (Dirty Feed),-1,12,3,6
29608,OVEA SAS,XX,Transit: UNVERIFIED (Dirty Feed),-1,12,3,5
398447,"OHANACRAFT, LLC",XX,Transit: UNVERIFIED (Dirty Feed),-1,12,1,2
47447,23M GmbH,XX,Transit: INHERITED (Clean Pipe),-1,12,0,4
8391,Knipp Medien und Kommunikation GmbH,XX,Transit: UNVERIFIED (Dirty Feed),-1,11,2,2
8680,Sure (Guernsey) Limited,XX,Transit: UNVERIFIED (Dirty Feed),-1,11,1,2
328594,SUDATCHAD SA/CA,XX,Transit: INHERITED (Clean Pipe),-1,11,0,1
149107,TRUMVPS COMPANY LIMITED,XX,Transit: INHERITED (Clean Pipe),-1,11,0,1
51519,Karabro AB,XX,Transit: INHERITED (Clean Pipe),-1,11,0,2
199284,Thueringer Netkom GmbH,XX,Transit: UNVERIFIED (Dirty Feed),-1,11,2,4
20278,"Nexeon Technologies, Inc.",XX,Transit: UNVERIFIED (Dirty Feed),-1,11,4,9
12307,Sandro Bolliger trading as Bolliger Network Solutions,XX,Transit: UNVERIFIED (Dirty Feed),-1,11,3,4
12360,KEVAG Telekom GmbH,XX,Transit: INHERITED (Clean Pipe),-1,11,0,5
37492,Orange Tunisie,XX,Transit: UNVERIFIED (Dirty Feed),-1,11,2,3
22442,"Phonoscope, Inc.",XX,Transit: UNVERIFIED (Dirty Feed),-1,11,1,2
14773,Lancaster-Lebanon Intermediate Unit 13,XX,Transit: UNVERIFIED (Dirty Feed),-1,11,3,4
40994,Alwyzon (Hohl IT),XX,Transit: UNVERIFIED (Dirty Feed),-1,10,2,5
42303,LM Layer and Mesh AB,XX,Transit: INHERITED (Clean Pipe),-1,10,0,2
141968,PT Industri Kreatif Digital,XX,Transit: UNVERIFIED (Dirty Feed),-1,10,7,7
44407,Linkt SAS,XX,Transit: INHERITED (Clean Pipe),-1,10,0,2
3662,Joint Universities Computer Centre Limited,XX,Transit: UNVERIFIED (Dirty Feed),-1,10,1,2
3663,NetNet,XX,Transit: INHERITED (Clean Pipe),-1,10,0,2
12897,ENTEGA Medianet GmbH,XX,Transit: INHERITED (Clean Pipe),-1,10,0,4
30764,PODA a.s.,XX,Transit: UNVERIFIED (Dirty Feed),-1,10,1,3
47152,Francesco Ascione trading as FIBERSIX,XX,Transit: INHERITED (Clean Pipe),-1,10,0,2
14615,"Comporium, Inc",XX,Transit: UNVERIFIED (Dirty Feed),-1,10,1,3
6893,"Saitis Network, N.Desir",XX,Transit: UNVERIFIED (Dirty Feed),-1,10,3,4
39702,S-IT Verwaltungs GmbH trading as S-IT Informationstechnologie Betreiber GmbH & Co. KG im Nordschwarzwald,XX,Transit: UNVERIFIED (Dirty Feed),-1,10,1,4
204092,Association GRIFON,XX,Transit: INHERITED (Clean Pipe),-1,10,0,2
57795,NG-BLU Networks B.V.,XX,Transit: UNVERIFIED (Dirty Feed),-1,9,2,5
8893,Artfiles New Media GmbH,XX,Transit: UNVERIFIED (Dirty Feed),-1,9,1,5
25460,The Networking People (TNP) Limited,XX,Transit: UNVERIFIED (Dirty Feed),-1,9,1,3
1741,CSC - Tieteen tietotekniikan keskus Oy,XX,Transit: UNVERIFIED (Dirty Feed),-1,9,1,1
1835,Forskningsnettet - Danish NREN,XX,Transit: UNVERIFIED (Dirty Feed),-1,9,1,1
51815,GlobalConnect AB,XX,Transit: INHERITED (Clean Pipe),-1,9,0,1
273103,TV&MÁS S.A.S,XX,Transit: UNVERIFIED (Dirty Feed),-1,9,7,11
19422,Telefonica Moviles del Uruguay SA,XX,Transit: UNVERIFIED (Dirty Feed),-1,9,1,1
44097,CLEMENT CAVADORE,XX,Transit: UNVERIFIED (Dirty Feed),-1,9,3,4
35986,Vyve Broadband,XX,Transit: UNVERIFIED (Dirty Feed),-1,9,1,3
396993,Soraxus Networks Inc.,XX,Transit: UNVERIFIED (Dirty Feed),-1,9,2,5
12540,IdecNet S.A.,XX,Transit: UNVERIFIED (Dirty Feed),-1,9,1,3
29152,Decknet SARL,XX,Transit: UNVERIFIED (Dirty Feed),-1,9,1,3
12941,intersaar GmbH,XX,Transit: UNVERIFIED (Dirty Feed),-1,9,2,5
23031,TELECU TELECOMUNICACIONES DEL ECUADOR TELECUSA S.A.S.,XX,Transit: UNVERIFIED (Dirty Feed),-1,9,8,10
39421,Sapinet SAS,XX,Transit: INHERITED (Clean Pipe),-1,9,0,2
40702,Clearwave Communications,XX,Transit: INHERITED (Clean Pipe),-1,9,0,2
214443,BE BYTE SRL,XX,Transit: INHERITED (Clean Pipe),-1,8,0,3
42615,June Slater,XX,Transit: INHERITED (Clean Pipe),-1,8,0,3
1930,"Fundacao para a Ciencia e a Tecnologia, I.P.",XX,Transit: UNVERIFIED (Dirty Feed),-1,8,1,2
2018,TENET (The UNINET Project),XX,Transit: UNVERIFIED (Dirty Feed),-1,8,2,3
35592,Coolhousing s.r.o.,XX,Transit: UNVERIFIED (Dirty Feed),-1,8,1,2
35807,SkyNet Ltd.,XX,Transit: INHERITED (Clean Pipe),-1,8,0,2
12676,HKN GmbH,XX,Transit: INHERITED (Clean Pipe),-1,8,0,5
13045,htp GmbH,XX,Transit: UNVERIFIED (Dirty Feed),-1,8,1,4
29550,Team Blue Carrier Limited,XX,Transit: UNVERIFIED (Dirty Feed),-1,8,2,5
15085,"Immedion, LLC",XX,Transit: UNVERIFIED (Dirty Feed),-1,8,3,5
48101,Trooli Ltd.,XX,Transit: UNVERIFIED (Dirty Feed),-1,8,1,3
16117,Gavle Energi AB,XX,Transit: UNVERIFIED (Dirty Feed),-1,8,1,1
24309,Atria Convergence Technologies,XX,Transit: UNVERIFIED (Dirty Feed),-1,8,2,2
8075,Microsoft Corporation,XX,Transit: UNVERIFIED (Dirty Feed),-1,8,8,17
196610,DE-CIX Academy,XX,Transit: UNVERIFIED (Dirty Feed),-1,7,1,2
8542,Eviny Fiber AS,XX,Transit: UNVERIFIED (Dirty Feed),-1,7,1,1
559,SWITCH,XX,Transit: UNVERIFIED (Dirty Feed),-1,7,2,6
49791,Newserverlife LLC,XX,Transit: UNVERIFIED (Dirty Feed),-1,7,1,3
213768,Thomas Neumann,XX,Transit: UNVERIFIED (Dirty Feed),-1,7,2,2
9158,Telenor A/S,XX,Transit: INHERITED (Clean Pipe),-1,7,0,3
9312,xTom,XX,Transit: UNVERIFIED (Dirty Feed),-1,7,2,2
214331,Teske Virtual System Ltda,XX,Transit: UNVERIFIED (Dirty Feed),-1,7,2,4
206610,Mixvoip S.A.,XX,Transit: UNVERIFIED (Dirty Feed),-1,7,1,4
2107,ARNES,XX,Transit: UNVERIFIED (Dirty Feed),-1,7,1,3
2602,Fondation RESTENA,XX,Transit: UNVERIFIED (Dirty Feed),-1,7,2,3
395823,doof.net,XX,Transit: INHERITED (Clean Pipe),-1,7,0,2
43957,WNT Telecommunication GmbH,XX,Transit: UNVERIFIED (Dirty Feed),-1,7,1,3
45014,Nuco Technologies Ltd,XX,Transit: UNVERIFIED (Dirty Feed),-1,7,1,4
28760,Infotech EDV-Systeme GmbH,XX,Transit: UNVERIFIED (Dirty Feed),-1,7,2,3
12480,ILK Internet.Gmbh,XX,Transit: INHERITED (Clean Pipe),-1,7,0,4
20686,Bisping & Bisping GmbH & Co KG,XX,Transit: UNVERIFIED (Dirty Feed),-1,7,2,4
12502,Dr.-Ing. Nepustil & Co. GmbH Internet Service Center Ingenieurgesellschaft fuer Systemsoftware und Kommunikationstechnik,XX,Transit: UNVERIFIED (Dirty Feed),-1,7,1,3
21100,GREEN FLOID LLC,XX,Transit: UNVERIFIED (Dirty Feed),-1,7,6,7
4760,HKT Limited,XX,Transit: UNVERIFIED (Dirty Feed),-1,7,2,2
37529,Gestora de Infraestructuras de Telecomunicaciones de Guinea Ecuatorial,XX,Transit: UNVERIFIED (Dirty Feed),-1,7,1,4
209847,WorkTitans B.V.,XX,Transit: UNVERIFIED (Dirty Feed),-1,7,24,34
62425,Mailbox Internet Hizmetleri Ltd. Sti.,XX,Transit: UNVERIFIED (Dirty Feed),-1,7,1,1
62563,GLOBALTELEHOST Corp.,XX,Transit: UNVERIFIED (Dirty Feed),-1,7,1,3
13781,Hopkinsville Electric System,XX,Transit: UNVERIFIED (Dirty Feed),-1,7,3,5
202359,AS207960 Cyfyngedig,XX,Transit: UNVERIFIED (Dirty Feed),-1,7,1,1
6315,"XMission, L.C.",XX,Transit: UNVERIFIED (Dirty Feed),-1,7,3,7
399898,Conexon Connect,XX,Transit: INHERITED (Clean Pipe),-1,7,0,3
39521,TNGNET B.V.,XX,Transit: UNVERIFIED (Dirty Feed),-1,7,2,5
211623,NAML B.V.,XX,Transit: UNVERIFIED (Dirty Feed),-1,7,3,4
212123,Jori Vanneste,XX,Transit: UNVERIFIED (Dirty Feed),-1,7,4,7
15605,Connesi S.p.A.,XX,Transit: UNVERIFIED (Dirty Feed),-1,7,3,6
24183,DTS LTD,XX,Transit: INHERITED (Clean Pipe),-1,7,0,1
8315,Accenture B. V.,XX,Transit: UNVERIFIED (Dirty Feed),-1,6,1,3
224,Sikt (Uninett),XX,Transit: UNVERIFIED (Dirty Feed),-1,6,1,1
33083,AxcelX Technologies LLC,XX,Transit: UNVERIFIED (Dirty Feed),-1,6,2,4
205235,Labitat,XX,Transit: INHERITED (Clean Pipe),-1,6,0,1
25192,"CZ.NIC, z.s.p.o.",XX,Transit: UNVERIFIED (Dirty Feed),-1,6,9,13
8820,tal.de GmbH,XX,Transit: UNVERIFIED (Dirty Feed),-1,6,2,6
8823,Rockenstein AG,XX,Transit: UNVERIFIED (Dirty Feed),-1,6,4,5
25291,SysEleven GmbH,XX,Transit: INHERITED (Clean Pipe),-1,6,0,1
26006,Exodo LLC,XX,Transit: UNVERIFIED (Dirty Feed),-1,6,1,3
42652,inexio Informationstechnologie und Telekommunikation Gmbh,XX,Transit: UNVERIFIED (Dirty Feed),-1,6,1,1
59414,cloudscale.ch AG,XX,Transit: UNVERIFIED (Dirty Feed),-1,6,2,4
59678,SYSTEM36 LLC,XX,Transit: UNVERIFIED (Dirty Feed),-1,6,2,3
150000,Data-Beam Business Solution,XX,Transit: UNVERIFIED (Dirty Feed),-1,6,2,5
35600,Vedege SAS,XX,Transit: UNVERIFIED (Dirty Feed),-1,6,1,3
199860,ATOMDATA JSC,XX,Transit: UNVERIFIED (Dirty Feed),-1,6,2,4
200462,"Lennart Seitz trading as ""ETH-Services""",XX,Transit: UNVERIFIED (Dirty Feed),-1,6,3,8
61337,Single Mode Networks Ltd,XX,Transit: UNVERIFIED (Dirty Feed),-1,6,1,2
151704,BHARAT DATACENTER,XX,Transit: UNVERIFIED (Dirty Feed),-1,6,2,2
21183,Vodafone Albania (fka. Abcom),XX,Transit: INHERITED (Clean Pipe),-1,6,0,2
29974,Wightman Telecom,XX,Transit: UNVERIFIED (Dirty Feed),-1,6,1,3
5459,London Internet Exchange Ltd.,XX,Transit: UNVERIFIED (Dirty Feed),-1,6,1,3
210464,ANDREW KRISTULI,XX,Transit: UNVERIFIED (Dirty Feed),-1,6,2,2
14371,Paul Bunyan Communications,XX,Transit: INHERITED (Clean Pipe),-1,6,0,3
39699,Lounea Palvelut Oy,XX,Transit: UNVERIFIED (Dirty Feed),-1,6,1,2
15502,Vodafone Ireland Limited,XX,Transit: UNVERIFIED (Dirty Feed),-1,6,1,2
49605,Digital Telecommunication Services S.r.l.,XX,Stub: UNVERIFIED (Dirty Feed),-1,5,1,2
197706,Keminet SHPK,XX,Stub: UNVERIFIED (Dirty Feed),-1,5,2,3
1213,HEAnet CLG,XX,Stub: UNVERIFIED (Dirty Feed),-1,5,1,3
1403,EBOX,XX,Stub: UNVERIFIED (Dirty Feed),-1,5,1,4
34820,DELTA ONLINE spol. s r.o.,XX,Stub: UNVERIFIED (Dirty Feed),-1,5,1,2
215085,Maik Polman trading as PixelHosting,XX,Stub: UNVERIFIED (Dirty Feed),-1,5,2,3
215147,Schleyer-EDV UG,XX,Stub: UNVERIFIED (Dirty Feed),-1,5,3,4
207003,Web1 Oy,XX,Stub: INHERITED (Clean Pipe),-1,5,0,2
35008,"Kerfuffle, LLC",XX,Stub: UNVERIFIED (Dirty Feed),-1,5,1,3
35132,Enivest AS,XX,Stub: UNVERIFIED (Dirty Feed),-1,5,1,1
51929,Advania Sverige AB,XX,Stub: UNVERIFIED (Dirty Feed),-1,5,1,1
134148,SingAREN,XX,Stub: UNVERIFIED (Dirty Feed),-1,5,4,5
207995,Lightning Fibre,XX,Stub: UNVERIFIED (Dirty Feed),-1,5,1,4
20545,Georgian Research and Educational Networking Association (GRENA),XX,Stub: UNVERIFIED (Dirty Feed),-1,5,1,2
28768,Alpilink Cloud S.A.S.,XX,Stub: UNVERIFIED (Dirty Feed),-1,5,1,4
12414,Solcon Internetdiensten B.V.,XX,Stub: UNVERIFIED (Dirty Feed),-1,5,1,3
45355,Digicel Fiji Limited,XX,Stub: UNVERIFIED (Dirty Feed),-1,5,2,2
37611,Afrihost (Pty) Ltd,XX,Stub: UNVERIFIED (Dirty Feed),-1,5,2,2
22611,"InMotion Hosting, Inc.",XX,Stub: UNVERIFIED (Dirty Feed),-1,5,2,6
203020,HostRoyale Technologies Pvt Ltd,XX,Stub: UNVERIFIED (Dirty Feed),-1,5,6,6
211301,Collin Schneeweiss trading as Unesty Company,XX,Stub: UNVERIFIED (Dirty Feed),-1,5,2,2
6881,NIX.CZ z.s.p.o.,XX,Stub: UNVERIFIED (Dirty Feed),-1,5,1,4
57388,I.B.C - Telecom Sh.p.k.,XX,Stub: INHERITED (Clean Pipe),-1,4,0,1
24679,kyberio GmbH,XX,Stub: UNVERIFIED (Dirty Feed),-1,4,1,4
327934,SOCIETE NATIONALE DES TELECOMMUNICATIONS (Tunisie Telecom),XX,Stub: INHERITED (Clean Pipe),-1,4,0,1
25424,CEZNET s.r.o.,XX,Stub: UNVERIFIED (Dirty Feed),-1,4,1,4
50469,Peer Kohlstetter trading as Hessenkom GmbH & Co. KG,XX,Stub: UNVERIFIED (Dirty Feed),-1,4,1,7
1547,"INTERDNESTRKOM, Sovmestnoe Zakrytoe Aktsionernoe Obshchestvo",XX,Stub: UNVERIFIED (Dirty Feed),-1,4,6,12
42598,Merk Solutions sp. z o.o.,XX,Stub: INHERITED (Clean Pipe),-1,4,0,1
42695,Cleura AB,XX,Stub: INHERITED (Clean Pipe),-1,4,0,5
34606,B.B.Bell SPA,XX,Stub: UNVERIFIED (Dirty Feed),-1,4,1,2
34683,TELKEA TELECOM SA,XX,Stub: INHERITED (Clean Pipe),-1,4,0,2
51468,One.com A/S,XX,Stub: INHERITED (Clean Pipe),-1,4,0,2
59790,Marco Bungalski GmbH,XX,Stub: UNVERIFIED (Dirty Feed),-1,4,1,3
51691,F-Solutions Oy,XX,Stub: INHERITED (Clean Pipe),-1,4,0,2
51692,Steven Smith trading as HyberHost,XX,Stub: UNVERIFIED (Dirty Feed),-1,4,1,1
59890,Kabel-TV Lampert GmbH & Co KG,XX,Stub: UNVERIFIED (Dirty Feed),-1,4,2,5
35612,EOLO S.p.A.,XX,Stub: UNVERIFIED (Dirty Feed),-1,4,1,4
11170,Roller Network LLC,XX,Stub: INHERITED (Clean Pipe),-1,4,0,1
3221,Estonian Education and Research Network,XX,Stub: UNVERIFIED (Dirty Feed),-1,4,2,4
200185,Aruba S.p.A.,XX,Stub: UNVERIFIED (Dirty Feed),-1,4,1,4
20292,miriquidi networks GmbH,XX,Stub: INHERITED (Clean Pipe),-1,4,0,2
12119,ITV-3,XX,Stub: UNVERIFIED (Dirty Feed),-1,4,1,3
12322,Free SAS,XX,Stub: UNVERIFIED (Dirty Feed),-1,4,1,4
12381,Resilans AB,XX,Stub: INHERITED (Clean Pipe),-1,4,0,2
209049,MICHCOM LIMITED,XX,Stub: UNVERIFIED (Dirty Feed),-1,4,3,3
209090,Association Stolon,XX,Stub: UNVERIFIED (Dirty Feed),-1,4,1,2
200950,Lyratris Limited,XX,Stub: UNVERIFIED (Dirty Feed),-1,4,3,4
4474,"TCT West, Inc.",XX,Stub: UNVERIFIED (Dirty Feed),-1,4,1,4
12886,LEW TelNet GmbH,XX,Stub: UNVERIFIED (Dirty Feed),-1,4,1,2
13037,Zen Internet Ltd,XX,Stub: UNVERIFIED (Dirty Feed),-1,4,2,3
29600,Latvenergo,XX,Stub: UNVERIFIED (Dirty Feed),-1,4,1,1
152605,Z COM NETWORKS,XX,Stub: UNVERIFIED (Dirty Feed),-1,4,1,1
398395,PureVoltage Hosting Inc.,XX,Stub: UNVERIFIED (Dirty Feed),-1,4,1,2
5482,AllPoints Fibre Limited,XX,Stub: UNVERIFIED (Dirty Feed),-1,4,1,3
5645,"TekSavvy Solutions, Inc.",XX,Stub: UNVERIFIED (Dirty Feed),-1,4,1,3
14061,DigitalOcean LLC,XX,Stub: UNVERIFIED (Dirty Feed),-1,4,7,11
38826,Infinite Networks Pty Ltd,XX,Stub: UNVERIFIED (Dirty Feed),-1,4,1,2
47242,Host SpA,XX,Stub: UNVERIFIED (Dirty Feed),-1,4,1,4
30971,nic.at GmbH,XX,Stub: UNVERIFIED (Dirty Feed),-1,4,3,4
55736,Dataknox Pty Limited,XX,Stub: UNVERIFIED (Dirty Feed),-1,4,1,1
31272,WildPark Co,XX,Stub: INHERITED (Clean Pipe),-1,4,0,2
56381,level66.network UG (haftungsbeschraenkt),XX,Stub: INHERITED (Clean Pipe),-1,4,0,3
56457,FASTPATH IKE,XX,Stub: UNVERIFIED (Dirty Feed),-1,4,1,3
15743,net.de AG,XX,Stub: INHERITED (Clean Pipe),-1,4,0,4
204279,Eltrona Interdiffusion S.A.,XX,Stub: INHERITED (Clean Pipe),-1,4,0,2
204471,2S Computers SRL,XX,Stub: UNVERIFIED (Dirty Feed),-1,4,1,4
3,Massachusetts Institute of Technology,XX,Stub: UNVERIFIED (Dirty Feed),-1,3,8,11
57356,Highland Network Ltd,XX,Stub: INHERITED (Clean Pipe),-1,3,0,1
327849,DIRECTEL COMMUNICATIONS (PTY) LTD,XX,Stub: UNVERIFIED (Dirty Feed),-1,3,3,4
24757,Ethio telecom,XX,Stub: UNVERIFIED (Dirty Feed),-1,3,5,5
49420,Aplitt Sp. z o.o.,XX,Stub: UNVERIFIED (Dirty Feed),-1,3,2,4
196954,Epcan GmbH,XX,Stub: UNVERIFIED (Dirty Feed),-1,3,1,5
57944,IP-Connect LLC,XX,Stub: UNVERIFIED (Dirty Feed),-1,3,2,3
25198,INTERKVM HOST (ZetServers),XX,Stub: UNVERIFIED (Dirty Feed),-1,3,1,1
49798,BBX s.r.o.,XX,Stub: UNVERIFIED (Dirty Feed),-1,3,1,1
25229,"Limited Liability Company ""KYIVSKI TELEKOMUNIKATSIYNI MEREZHI""",XX,Stub: INHERITED (Clean Pipe),-1,3,0,1
25273,Broadcasting Center Europe (an RTL Group Company),XX,Stub: UNVERIFIED (Dirty Feed),-1,3,1,4
49855,PLUTEX GmbH,XX,Stub: INHERITED (Clean Pipe),-1,3,0,2
33582,Digicel St.Lucia Ltd,XX,Stub: UNVERIFIED (Dirty Feed),-1,3,1,1
33604,Burlington Telecom,XX,Stub: INHERITED (Clean Pipe),-1,3,0,2
41872,GIB-Solutions AG,XX,Stub: UNVERIFIED (Dirty Feed),-1,3,2,4
1003,andrewnet,XX,Stub: UNVERIFIED (Dirty Feed),-1,3,4,6
328856,VIJIJI CONNECT LIMITED,XX,Stub: UNVERIFIED (Dirty Feed),-1,3,3,3
50332,SQUILD GmbH,XX,Stub: INHERITED (Clean Pipe),-1,3,0,2
206186,Stowarzyszenie e-Poludnie,XX,Stub: UNVERIFIED (Dirty Feed),-1,3,1,3
206548,ZCOM.cz s.r.o,XX,Stub: UNVERIFIED (Dirty Feed),-1,3,1,3
34554,Antares Kommunikationstechnik AG,XX,Stub: UNVERIFIED (Dirty Feed),-1,3,2,3
34555,C.C.S. (Leeds) Ltd,XX,Stub: UNVERIFIED (Dirty Feed),-1,3,1,2
34758,Axera SpA,XX,Stub: UNVERIFIED (Dirty Feed),-1,3,1,3
10214,Pentanet Limited,XX,Stub: UNVERIFIED (Dirty Feed),-1,3,2,2
51225,Armenian internet traffic exchange 'Armix' foundation,XX,Stub: INHERITED (Clean Pipe),-1,3,0,1
10279,"West Carolina Communications, LLC",XX,Stub: INHERITED (Clean Pipe),-1,3,0,2
51248,Host-Telecom.com s.r.o.,XX,Stub: UNVERIFIED (Dirty Feed),-1,3,1,5
51333,Arcolink Telecomunicazioni S.r.l.,XX,Stub: UNVERIFIED (Dirty Feed),-1,3,1,2
207176,OPENFIBER B.V.,XX,Stub: UNVERIFIED (Dirty Feed),-1,3,2,4
35258,akquinet outsourcing gGmbH,XX,Stub: UNVERIFIED (Dirty Feed),-1,3,1,4
207375,Fiber Operator B.V.,XX,Stub: UNVERIFIED (Dirty Feed),-1,3,1,2
215605,Shams Hanna trading as InformatiQ,XX,Stub: UNVERIFIED (Dirty Feed),-1,3,2,4
43619,Association pour l'union des reseaux des residences etudiantes (AURORE),XX,Stub: UNVERIFIED (Dirty Feed),-1,3,2,2
60163,KEKLOLWTF AS,XX,Stub: INHERITED (Clean Pipe),-1,3,0,1
2857,Johannes Gutenberg-Universitaet Mainz,XX,Stub: INHERITED (Clean Pipe),-1,3,0,3
3130,RGnet OU,XX,Stub: INHERITED (Clean Pipe),-1,3,0,3
44133,IPAX GmbH,XX,Stub: INHERITED (Clean Pipe),-1,3,0,1
3333,Reseaux IP Europeens Network Coordination Centre (RIPE NCC),XX,Stub: INHERITED (Clean Pipe),-1,3,0,5
44431,OmniAccess S.L.,XX,Stub: UNVERIFIED (Dirty Feed),-1,3,1,4
60841,BerryByte Limited,XX,Stub: INHERITED (Clean Pipe),-1,3,0,3
397097,"Infrastructure Management Associates, Inc.",XX,Stub: INHERITED (Clean Pipe),-1,3,0,1
44973,Rechenzentrum Hassfurt GmbH,XX,Stub: UNVERIFIED (Dirty Feed),-1,3,1,3
20412,Clarity Telecom LLC,XX,Stub: INHERITED (Clean Pipe),-1,3,0,3
36914,Kenya Education Network,XX,Stub: UNVERIFIED (Dirty Feed),-1,3,1,3
12392,VOO S.A.,XX,Stub: UNVERIFIED (Dirty Feed),-1,3,1,2
12496,Infinity Developments Limited,XX,Stub: UNVERIFIED (Dirty Feed),-1,3,1,2
20694,NMMN New Media Markets & Networks IT-Services GmbH,XX,Stub: INHERITED (Clean Pipe),-1,3,0,2
20965,GEANT Vereniging,XX,Stub: UNVERIFIED (Dirty Feed),-1,3,2,2
29182,JSC IOT,XX,Stub: UNVERIFIED (Dirty Feed),-1,3,4,7
201290,BlackGATE B.V.,XX,Stub: UNVERIFIED (Dirty Feed),-1,3,3,4
29287,Wien Energie GmbH,XX,Stub: INHERITED (Clean Pipe),-1,3,0,1
21107,Blicnet d.o.o.,XX,Stub: UNVERIFIED (Dirty Feed),-1,3,1,3
135918,VIET DIGITAL TECHNOLOGY LIABILITY COMPANY,XX,Stub: UNVERIFIED (Dirty Feed),-1,3,1,2
62217,Vinters IT Ltd,XX,Stub: UNVERIFIED (Dirty Feed),-1,3,3,6
13092,Akademska mreza Republike Srbije - AMRES,XX,Stub: UNVERIFIED (Dirty Feed),-1,3,2,2
54148,Dynamic Quantum Networks,XX,Stub: UNVERIFIED (Dirty Feed),-1,3,8,15
210036,Rayhaan Ahmad Jaufeerally,XX,Stub: UNVERIFIED (Dirty Feed),-1,3,4,5
30892,DEUTSCHE TELEKOM GLOBAL BUSINESS SOLUTIONS IBERIA SL,XX,Stub: INHERITED (Clean Pipe),-1,3,0,3
399580,Radish Networks,XX,Stub: UNVERIFIED (Dirty Feed),-1,3,1,2
47638,Cadence Networks Ltd,XX,Stub: UNVERIFIED (Dirty Feed),-1,3,3,5
47689,"Pudu, LLC",XX,Stub: UNVERIFIED (Dirty Feed),-1,3,3,8
31510,Innsbrucker Kommunalbetriebe AG,XX,Stub: UNVERIFIED (Dirty Feed),-1,3,1,3
39835,goetel GmbH,XX,Stub: UNVERIFIED (Dirty Feed),-1,3,1,2
15366,DNS:NET Internet Service GmbH,XX,Stub: INHERITED (Clean Pipe),-1,3,0,3
15401,Orange Business Services SA,XX,Stub: INHERITED (Clean Pipe),-1,3,0,3
15435,DELTA Fiber Nederland B.V.,XX,Stub: UNVERIFIED (Dirty Feed),-1,3,1,4
7247,Mojo Networks,XX,Stub: INHERITED (Clean Pipe),-1,3,0,1
15450,Alhambra Systems SA,XX,Stub: UNVERIFIED (Dirty Feed),-1,3,1,2
31841,NEW KNOXVILLE TELEPHONE COMPANY,XX,Stub: UNVERIFIED (Dirty Feed),-1,3,1,1
212068,Alioth Systems Limited,XX,Stub: UNVERIFIED (Dirty Feed),-1,3,2,3
56430,Chroot Network SRL,XX,Stub: UNVERIFIED (Dirty Feed),-1,3,3,4
212109,Squirrel Internet Ltd,XX,Stub: UNVERIFIED (Dirty Feed),-1,3,1,2
48284,SWU TeleNet GmbH,XX,Stub: UNVERIFIED (Dirty Feed),-1,3,1,2
15614,Dragon Internet a.s.,XX,Stub: UNVERIFIED (Dirty Feed),-1,3,2,3
57084,Bjare Kraft ekonomisk forening,XX,Stub: INHERITED (Clean Pipe),-1,3,0,1
16125,UAB Cherry Servers,XX,Stub: UNVERIFIED (Dirty Feed),-1,3,2,3
204666,Jiri Tlapak,XX,Stub: UNVERIFIED (Dirty Feed),-1,3,1,2
204770,UAB Cherry Servers,XX,Stub: UNVERIFIED (Dirty Feed),-1,3,2,4
393249,University of British Columbia,XX,Stub: UNVERIFIED (Dirty Feed),-1,2,1,1
41000,Freethought Internet Limited,XX,Stub: INHERITED (Clean Pipe),-1,2,0,3
401486,RAVNIX LLC,XX,Stub: INHERITED (Clean Pipe),-1,2,0,1
196819,DEMANDO GmbH,XX,Stub: UNVERIFIED (Dirty Feed),-1,2,1,2
378,IUCC - Israel InterUniversity Computation Center,XX,Stub: UNVERIFIED (Dirty Feed),-1,2,1,1
328228,SOCIETE BENINOISE D'INFRASTRUCTURES NUMERIQUES,XX,Stub: UNVERIFIED (Dirty Feed),-1,2,1,1
8859,OSN Online Service Nuernberg GmbH,XX,Stub: INHERITED (Clean Pipe),-1,2,0,3
197301,Parknet F.M.B.A.,XX,Stub: INHERITED (Clean Pipe),-1,2,0,1
58075,X2com BV,XX,Stub: UNVERIFIED (Dirty Feed),-1,2,3,4
49985,IP4ISP z.s.p.o,XX,Stub: UNVERIFIED (Dirty Feed),-1,2,2,3
25620,COTAS LTDA.,XX,Stub: UNVERIFIED (Dirty Feed),-1,2,2,2
33885,Telenor Sverige AB,XX,Stub: INHERITED (Clean Pipe),-1,2,0,2
33932,everyWAN,XX,Stub: INHERITED (Clean Pipe),-1,2,0,2
33984,Surfplanet GmbH,XX,Stub: UNVERIFIED (Dirty Feed),-1,2,1,3
214213,"START - Sines Transatlantic Renewable & Technology Campus, S. A.",XX,Stub: UNVERIFIED (Dirty Feed),-1,2,1,3
132337,Axclusive,XX,Stub: UNVERIFIED (Dirty Feed),-1,2,2,7
206238,Freedom Internet BV,XX,Stub: UNVERIFIED (Dirty Feed),-1,2,1,2
42455,ELITE GROUP.IM LIMITED,XX,Stub: UNVERIFIED (Dirty Feed),-1,2,1,2
329325,Maxko for Gaming Development,XX,Stub: INHERITED (Clean Pipe),-1,2,0,1
42611,Full Fibre Limited,XX,Stub: UNVERIFIED (Dirty Feed),-1,2,1,2
50821,Bredband2 Stockholms Stadsnaet AB,XX,Stub: INHERITED (Clean Pipe),-1,2,0,1
26253,"South Central Communications, Inc.",XX,Stub: INHERITED (Clean Pipe),-1,2,0,2
42699,axilaris GmbH,XX,Stub: UNVERIFIED (Dirty Feed),-1,2,1,3
43037,"Seznam.cz, a.s.",XX,Stub: UNVERIFIED (Dirty Feed),-1,2,1,2
34878,Karlsruhe Institute of Technology,XX,Stub: INHERITED (Clean Pipe),-1,2,0,1
206924,Ben Cartwright-Cox,XX,Stub: UNVERIFIED (Dirty Feed),-1,2,3,6
395379,SCI REMC,XX,Stub: INHERITED (Clean Pipe),-1,2,0,2
207083,HostSlim B.V.,XX,Stub: UNVERIFIED (Dirty Feed),-1,2,1,3
207160,Factory Campus Verwaltungs-GmbH,XX,Stub: UNVERIFIED (Dirty Feed),-1,2,1,2
2486,AFNIC (Association Francaise pour le Nommage Internet en Cooperation),XX,Stub: UNVERIFIED (Dirty Feed),-1,2,2,4
133612,Vodafone Australia Pty Ltd,XX,Stub: UNVERIFIED (Dirty Feed),-1,2,1,1
2613,Association Romandix,XX,Stub: INHERITED (Clean Pipe),-1,2,0,2
51786,Patrick Velder,XX,Stub: UNVERIFIED (Dirty Feed),-1,2,1,3
264811,AIR LINK COMMUNICATIONS,XX,Stub: UNVERIFIED (Dirty Feed),-1,2,1,1
60131,High5! B.V.,XX,Stub: INHERITED (Clean Pipe),-1,2,0,1
273149,"PUNTO DE TRAFICO DE INTERCAMBIO DE INTERNET GUATEMALA, S.A. (PIT GUATEMALA)",XX,Stub: UNVERIFIED (Dirty Feed),-1,2,1,1
207727,Asbjorn Sloth Tonnesen trading as a5n,XX,Stub: INHERITED (Clean Pipe),-1,2,0,2
199578,Rheinland-Pfaelzische Technische Universitaet Kaiserslautern-Landau,XX,Stub: INHERITED (Clean Pipe),-1,2,0,2
60345,icixs networks GmbH,XX,Stub: UNVERIFIED (Dirty Feed),-1,2,2,4
207849,ESIEESPACE,XX,Stub: UNVERIFIED (Dirty Feed),-1,2,1,2
52210,Accuris Technologies Ltd.,XX,Stub: UNVERIFIED (Dirty Feed),-1,2,1,2
19504,"WTC Communications, Inc.",XX,Stub: INHERITED (Clean Pipe),-1,2,0,4
35891,Norwood Light Broadband,XX,Stub: UNVERIFIED (Dirty Feed),-1,2,1,3
19527,Google LLC (Google Cloud),XX,Stub: UNVERIFIED (Dirty Feed),-1,2,15,22
11358,Tennant Software,XX,Stub: UNVERIFIED (Dirty Feed),-1,2,2,3
52322,TELCOCOM,XX,Stub: UNVERIFIED (Dirty Feed),-1,2,1,2
199811,Wifx SA,XX,Stub: UNVERIFIED (Dirty Feed),-1,2,2,4
11402,"Charlotte Colocation Center, LLc",XX,Stub: UNVERIFIED (Dirty Feed),-1,2,1,2
3213,Bogons Ltd,XX,Stub: UNVERIFIED (Dirty Feed),-1,2,1,2
44234,"Gaya, s.r.o.",XX,Stub: UNVERIFIED (Dirty Feed),-1,2,2,2
396503,WestConnect Communications,XX,Stub: UNVERIFIED (Dirty Feed),-1,2,3,4
27879,Informática y Telecomunicaciones S.A.,XX,Stub: UNVERIFIED (Dirty Feed),-1,2,1,2
44574,Network Services Ltd.,XX,Stub: INHERITED (Clean Pipe),-1,2,0,1
200242,Ember Ana,XX,Stub: UNVERIFIED (Dirty Feed),-1,2,7,12
20057,"AT&T Enterprises, LLC",XX,Stub: UNVERIFIED (Dirty Feed),-1,2,1,2
36549,WestTel Ltd.,XX,Stub: UNVERIFIED (Dirty Feed),-1,2,1,1
135065,National Directorate of Information and Technology,XX,Stub: UNVERIFIED (Dirty Feed),-1,2,1,1
53343,sc Network,XX,Stub: UNVERIFIED (Dirty Feed),-1,2,4,11
397412,Tachus Fiber Internet,XX,Stub: UNVERIFIED (Dirty Feed),-1,2,1,3
12620,Ticinocom SA,XX,Stub: INHERITED (Clean Pipe),-1,2,0,2
12628,JACO ENGELBRECHT,XX,Stub: INHERITED (Clean Pipe),-1,2,0,1
29067,Hostmaster LLC,XX,Stub: UNVERIFIED (Dirty Feed),-1,2,8,12
20879,Digi Portugal,XX,Stub: INHERITED (Clean Pipe),-1,2,0,1
45494,NREN ASN for Misc. Root Servers and Community,XX,Stub: UNVERIFIED (Dirty Feed),-1,2,1,1
12847,Latvijas Mobilais Telefons SIA,XX,Stub: UNVERIFIED (Dirty Feed),-1,2,2,6
12887,Netia SA,XX,Stub: INHERITED (Clean Pipe),-1,2,0,1
12906,Deltatre S.p.A.,XX,Stub: INHERITED (Clean Pipe),-1,2,0,1
45680,DOVA Corporation,XX,Stub: INHERITED (Clean Pipe),-1,2,0,2
12929,Telia Norge AS,XX,Stub: INHERITED (Clean Pipe),-1,2,0,1
12931,IDKOM Networks GmbH,XX,Stub: INHERITED (Clean Pipe),-1,2,0,2
45725,PT Kings Network Indonesia,XX,Stub: UNVERIFIED (Dirty Feed),-1,2,4,4
12978,ANDROMEDA TV DIGITAL PLATFORM ISLETMECILIGI A.S.,XX,Stub: UNVERIFIED (Dirty Feed),-1,2,2,2
29396,Eurofiber Nederland BV,XX,Stub: INHERITED (Clean Pipe),-1,2,0,1
29413,KOMRO Gesellschaft fuer Telekommunikation mit beschraenkter Haftung,XX,Stub: UNVERIFIED (Dirty Feed),-1,2,1,4
54014,"Jurassic Innovations, LLC",XX,Stub: UNVERIFIED (Dirty Feed),-1,2,1,2
29505,Stadtwerke Luebeck Digital GmbH,XX,Stub: UNVERIFIED (Dirty Feed),-1,2,1,3
152407,PT Netfinity Network Indonesia,XX,Stub: UNVERIFIED (Dirty Feed),-1,2,2,2
62371,Proton AG,XX,Stub: UNVERIFIED (Dirty Feed),-1,2,1,5
21412,"UAB ""Cgates""",XX,Stub: UNVERIFIED (Dirty Feed),-1,2,2,7
21599,Cable Onda,XX,Stub: INHERITED (Clean Pipe),-1,2,0,1
38299,REANNZ Corporate,XX,Stub: UNVERIFIED (Dirty Feed),-1,2,1,1
46886,Tekify Broadband,XX,Stub: INHERITED (Clean Pipe),-1,2,0,1
6167,Verizon Business,XX,Stub: UNVERIFIED (Dirty Feed),-1,2,2,3
47286,OTS Ltd.,XX,Stub: UNVERIFIED (Dirty Feed),-1,2,4,4
202945,Benjamin Collet,XX,Stub: UNVERIFIED (Dirty Feed),-1,2,1,4
211186,Fast Telecom P.C.,XX,Stub: UNVERIFIED (Dirty Feed),-1,2,1,3
63771,Border Gateway Protocol Network Analysis Project,XX,Stub: UNVERIFIED (Dirty Feed),-1,2,1,2
63804,DOVA Corporation,XX,Stub: UNVERIFIED (Dirty Feed),-1,2,2,2
203215,DATAGROUP Enterprise Services GmbH,XX,Stub: UNVERIFIED (Dirty Feed),-1,2,3,5
14858,"Hanson Information Systems, Inc. / Family Net",XX,Stub: UNVERIFIED (Dirty Feed),-1,2,2,3
31275,LLC Telecom-Service,XX,Stub: UNVERIFIED (Dirty Feed),-1,2,3,3
64238,DNS-OARC,XX,Stub: INHERITED (Clean Pipe),-1,2,0,1
39767,Sargasso N1 Limited,XX,Stub: UNVERIFIED (Dirty Feed),-1,2,1,2
211858,PAU LOGICIELS LIBRES ASSOCIATION (PAULLA),XX,Stub: UNVERIFIED (Dirty Feed),-1,2,1,1
39839,Punktum dk A/S,XX,Stub: UNVERIFIED (Dirty Feed),-1,2,1,3
64475,Freifunk Frankfurt am Main e.V.,XX,Stub: UNVERIFIED (Dirty Feed),-1,2,2,4
31712,GIGASTREAM LIMITED,XX,Stub: INHERITED (Clean Pipe),-1,2,0,1
56293,Kewiko LLC,XX,Stub: INHERITED (Clean Pipe),-1,2,0,1
48112,XINDI Networks SRL,XX,Stub: UNVERIFIED (Dirty Feed),-1,2,1,3
7420,Zamnet,XX,Stub: INHERITED (Clean Pipe),-1,2,0,1
204035,oneCorp GmbH,XX,Stub: UNVERIFIED (Dirty Feed),-1,2,1,3
212245,Stephanie WILDE-HOBBS,XX,Stub: UNVERIFIED (Dirty Feed),-1,2,2,3
204059,Neutrinet ASBL/VZW,XX,Stub: UNVERIFIED (Dirty Feed),-1,2,1,1
204064,CEZNET s.r.o.,XX,Stub: UNVERIFIED (Dirty Feed),-1,2,1,1
269938,ADN TELECOM S.A.C.,XX,Stub: UNVERIFIED (Dirty Feed),-1,2,2,3
212865,netconnect AG,XX,Stub: UNVERIFIED (Dirty Feed),-1,2,1,3
401332,Triplebit,XX,Stub: UNVERIFIED (Dirty Feed),-1,2,2,5
57269,DIGI SPAIN TELECOM S.L.,XX,Stub: INHERITED (Clean Pipe),-1,2,0,1
40980,Anexia Cloud Solutions GmbH,XX,Stub: UNVERIFIED (Dirty Feed),-1,0,1,1
40981,University of Montenegro,XX,Stub: UNVERIFIED (Dirty Feed),-1,0,2,2
401446,Converted Networks LLC,XX,Stub: INHERITED (Clean Pipe),-1,0,0,1
204847,Borgholms Kommun,XX,Stub: UNVERIFIED (Dirty Feed),-1,0,1,2
213052,Bram Wittendorp trading as BittenBytes,XX,Stub: UNVERIFIED (Dirty Feed),-1,0,1,3
8253,Democritus University of Thrace,XX,Stub: INHERITED (Clean Pipe),-1,0,0,1
57407,CK Software GmbH,XX,Stub: UNVERIFIED (Dirty Feed),-1,0,1,1
327750,JENNY INTERNET (PTY) LTD,XX,Stub: UNVERIFIED (Dirty Feed),-1,0,1,2
73,University of Washington,XX,Stub: UNVERIFIED (Dirty Feed),-1,0,1,1
32881,Server North,XX,Stub: UNVERIFIED (Dirty Feed),-1,0,3,4
8330,LONAP Ltd,XX,Stub: UNVERIFIED (Dirty Feed),-1,0,1,5
327822,Airpark Beaufort West CC,XX,Stub: UNVERIFIED (Dirty Feed),-1,0,2,3
41103,teleBIZZ Ltd,XX,Stub: UNVERIFIED (Dirty Feed),-1,0,1,3
24725,"LLC ""Hostmaster""",XX,Stub: UNVERIFIED (Dirty Feed),-1,0,1,3
327831,Djibouti Data Center SARL,XX,Stub: UNVERIFIED (Dirty Feed),-1,0,1,1
158,Ericsson Inc.,XX,Stub: INHERITED (Clean Pipe),-1,0,0,2
213151,Christian Elsen,XX,Stub: UNVERIFIED (Dirty Feed),-1,0,4,6
213155,Yettel Hungary Ltd.,XX,Stub: UNVERIFIED (Dirty Feed),-1,0,1,1
8362,NordNet SA,XX,Stub: UNVERIFIED (Dirty Feed),-1,0,1,2
49334,SH ONLINE ILETISIM ANONIM SIRKETI,XX,IXP / Peer / Stub,-1,0,0,0
327864,AlbideyNet,XX,Stub: INHERITED (Clean Pipe),-1,0,0,1
41153,Gamma Communications Nederland B.V.,XX,Stub: UNVERIFIED (Dirty Feed),-1,0,3,3
24776,INFOCLIP SA,XX,Stub: UNVERIFIED (Dirty Feed),-1,0,2,5
205007,Maxim Azarov trading as eServer,XX,Stub: UNVERIFIED (Dirty Feed),-1,0,1,1
24786,ProSiebenSat.1 Tech & Services GmbH,XX,Stub: INHERITED (Clean Pipe),-1,0,0,3
24806,"INTERNET CZ, a.s.",XX,Stub: INHERITED (Clean Pipe),-1,0,0,4
239,University of Toronto,XX,Stub: UNVERIFIED (Dirty Feed),-1,0,1,1
393460,NMSURF,XX,Stub: INHERITED (Clean Pipe),-1,0,0,1
24840,NICOS AG,XX,Stub: UNVERIFIED (Dirty Feed),-1,0,2,3
205094,Tivon Haeberlein,XX,Stub: UNVERIFIED (Dirty Feed),-1,0,2,3
205100,F3 Netze e.V.,XX,Stub: UNVERIFIED (Dirty Feed),-1,0,3,4
24921,Latvijas Mobilais Telefons SIA,XX,Stub: INHERITED (Clean Pipe),-1,0,0,1
57692,Kapsi Internet-kayttajat ry,XX,Stub: UNVERIFIED (Dirty Feed),-1,0,2,2
24956,Gaertner Datensysteme GmbH & Co. KG,XX,Stub: INHERITED (Clean Pipe),-1,0,0,2
57728,CEZNET s.r.o.,XX,Stub: UNVERIFIED (Dirty Feed),-1,0,1,1
213392,Tan Siewert,XX,Stub: UNVERIFIED (Dirty Feed),-1,0,3,3
57777,Jeroen Massar,XX,Stub: UNVERIFIED (Dirty Feed),-1,0,2,2
57794,ELLINIKA DIKTIA KALODION MEPE,XX,Stub: INHERITED (Clean Pipe),-1,0,0,3
41424,Latvian Railways,XX,Stub: UNVERIFIED (Dirty Feed),-1,0,2,2
57821,Nonattached Network e.V.,XX,Stub: UNVERIFIED (Dirty Feed),-1,0,1,2
328162,Icolo Ltd,XX,Stub: UNVERIFIED (Dirty Feed),-1,0,3,4
49640,S.P.E. SISTEMI E PROGETTI ELETTRONICI S.A.S. DI PRANDINI PAOLO E C.,XX,Stub: UNVERIFIED (Dirty Feed),-1,0,2,3
401903,"Crimson Pacific Networks, LLC",XX,Stub: UNVERIFIED (Dirty Feed),-1,0,3,4
16881,"Prall, Inc., David C",XX,Stub: UNVERIFIED (Dirty Feed),-1,0,1,1
213495,SERVITRO LTD,XX,Stub: INHERITED (Clean Pipe),-1,0,0,1
205311,Cambridge Fibre Networks Ltd.,XX,Stub: UNVERIFIED (Dirty Feed),-1,0,1,1
49688,John Berry,XX,Stub: INHERITED (Clean Pipe),-1,0,0,1
49703,CONSULTIC SRL,XX,Stub: UNVERIFIED (Dirty Feed),-1,0,1,3
8745,Bulgarian Academy of Sciences,XX,Stub: UNVERIFIED (Dirty Feed),-1,0,1,1
393773,Oracle Corporation,XX,Stub: UNVERIFIED (Dirty Feed),-1,0,1,1
8752,"AO ""ASVT""",XX,Stub: UNVERIFIED (Dirty Feed),-1,0,2,3
25135,Vodafone Limited,XX,Stub: UNVERIFIED (Dirty Feed),-1,0,1,1
213576,Robert Weir,XX,Stub: UNVERIFIED (Dirty Feed),-1,0,9,13
328266,Atomic Access,XX,Stub: UNVERIFIED (Dirty Feed),-1,0,3,3
205400,VIVO CONNECTION spol. s r.o.,XX,Stub: INHERITED (Clean Pipe),-1,0,0,2
205425,CTS Eventim Solutions GmbH,XX,Stub: UNVERIFIED (Dirty Feed),-1,0,1,2
393886,"Leaseweb USA, Inc.",XX,Stub: INHERITED (Clean Pipe),-1,0,0,2
213669,Varadi Daniel,XX,Stub: UNVERIFIED (Dirty Feed),-1,0,1,2
8887,"TESATEL, s.r.o.",XX,Stub: UNVERIFIED (Dirty Feed),-1,0,1,1
197307,"Core4Net, s.r.o.",XX,Stub: UNVERIFIED (Dirty Feed),-1,0,1,2
197317,Nuuday A/S,XX,Stub: INHERITED (Clean Pipe),-1,0,0,1
328391,Rocking Connect PTY (LTD),XX,Stub: UNVERIFIED (Dirty Feed),-1,0,2,2
41690,Dailymotion S.A.,XX,Stub: UNVERIFIED (Dirty Feed),-1,0,1,2
41696,Ram Mobile Data (Netherlands) B.V.,XX,Stub: UNVERIFIED (Dirty Feed),-1,0,1,2
393960,Host4Geeks LLC,XX,Stub: UNVERIFIED (Dirty Feed),-1,0,3,4
17138,Matt Peterman Sole Proprietor,XX,Stub: INHERITED (Clean Pipe),-1,0,0,3
25353,BAR Informatik AG,XX,Stub: INHERITED (Clean Pipe),-1,0,0,2
58130,rsnet s.r.o.,XX,Stub: UNVERIFIED (Dirty Feed),-1,0,1,1
8991,Hellenic Centre for Marine Research,XX,Stub: INHERITED (Clean Pipe),-1,0,0,2
205617,"P. van den Belt is trading as ""QSIT"" V.O.F.",XX,Stub: INHERITED (Clean Pipe),-1,0,0,1
9026,MYNET S.R.L.,XX,Stub: INHERITED (Clean Pipe),-1,0,0,1
834,IPXO LLC,XX,Stub: UNVERIFIED (Dirty Feed),-1,0,4,5
25412,"CORPORACIO CATALANA DE MITJANS AUDIOVISUALS, S.A.",XX,Stub: UNVERIFIED (Dirty Feed),-1,0,1,2
833,Spearware Networks LLC,XX,Stub: UNVERIFIED (Dirty Feed),-1,0,1,1
197448,NT Group Systemy Informatyczne Sp. z o.o.,XX,Stub: UNVERIFIED (Dirty Feed),-1,0,1,2
58202,NoPKT LLC,XX,Stub: UNVERIFIED (Dirty Feed),-1,0,1,2
131937,Joetsu Cable Vision,XX,Stub: INHERITED (Clean Pipe),-1,0,0,2
58220,Tomas Budai,XX,Stub: INHERITED (Clean Pipe),-1,0,0,1
9069,UNIWA,XX,Stub: INHERITED (Clean Pipe),-1,0,0,1
25455,Guardfox SRL,XX,Stub: UNVERIFIED (Dirty Feed),-1,0,2,5
132003,Network Research Lab,XX,Stub: UNVERIFIED (Dirty Feed),-1,0,1,1
197540,netcup GmbH,XX,Stub: UNVERIFIED (Dirty Feed),-1,0,1,1
197564,Stiftelsen for Internetinfrastruktur,XX,Stub: INHERITED (Clean Pipe),-1,0,0,2
25538,Internet Ulm/Neu-Ulm e.V.,XX,Stub: UNVERIFIED (Dirty Feed),-1,0,1,3
9161,Poundbury Systems Ltd.,XX,Stub: INHERITED (Clean Pipe),-1,0,0,1
205787,Public Cloud Ltd.,XX,Stub: UNVERIFIED (Dirty Feed),-1,0,1,1
205790,DCSO Deutsche Cyber-Sicherheitsorganisation GmbH,XX,Stub: INHERITED (Clean Pipe),-1,0,0,2
992,Modest Labs LLC,XX,Stub: INHERITED (Clean Pipe),-1,0,0,1
41955,SerNet Service Network GmbH,XX,Stub: UNVERIFIED (Dirty Feed),-1,0,1,2
50163,Altnet s.r.o.,XX,Stub: UNVERIFIED (Dirty Feed),-1,0,2,2
41981,Flying Circus Internet Operations GmbH,XX,Stub: UNVERIFIED (Dirty Feed),-1,0,1,2
33796,BOLIGNET-AARHUS F.M.B.A.,XX,Stub: INHERITED (Clean Pipe),-1,0,0,1
197641,Innofinity GmbH,XX,Stub: INHERITED (Clean Pipe),-1,0,0,1
17421,Emome (Chunghwa Telecom),XX,Stub: INHERITED (Clean Pipe),-1,0,0,1
42003,OGERO,XX,Stub: UNVERIFIED (Dirty Feed),-1,0,1,1
197669,CloudCall LTD,XX,Stub: UNVERIFIED (Dirty Feed),-1,0,1,5
263224,EMPRESA DE TELECOMUNICACIONES MULTIMEDIA ALFA,XX,Stub: INHERITED (Clean Pipe),-1,0,0,2
197696,Evolix SARL,XX,Stub: UNVERIFIED (Dirty Feed),-1,0,2,4
1088,FastBridge Fiber,XX,Stub: INHERITED (Clean Pipe),-1,0,0,2
197712,"10dencehispahard, S.L.",XX,Stub: INHERITED (Clean Pipe),-1,0,0,2
25693,Virtual Machine Solutions LLC,XX,Stub: UNVERIFIED (Dirty Feed),-1,0,1,4
197729,Binect GmbH,XX,Stub: UNVERIFIED (Dirty Feed),-1,0,2,3
1128,Technische Universiteit Delft,XX,Stub: INHERITED (Clean Pipe),-1,0,0,1
1133,University of Twente,XX,Stub: INHERITED (Clean Pipe),-1,0,0,1
1140,Stichting Internet Domeinregistratie Nederland,XX,Stub: UNVERIFIED (Dirty Feed),-1,0,1,2
205975,Fibre Assets Ltd,XX,Stub: UNVERIFIED (Dirty Feed),-1,0,1,4
205976,Arribatec Cloud AS,XX,Stub: INHERITED (Clean Pipe),-1,0,0,1
328870,SynBurst (Pty) Ltd,XX,Stub: INHERITED (Clean Pipe),-1,0,0,1
50348,"KVADOS, a.s.",XX,Stub: INHERITED (Clean Pipe),-1,0,0,2
1200,Amsterdam Internet Exchange B.V.,XX,Stub: UNVERIFIED (Dirty Feed),-1,0,3,6
42189,Druzstvo EUROSIGNAL,XX,Stub: UNVERIFIED (Dirty Feed),-1,0,2,2
328913,ST DIGITAL,XX,Stub: UNVERIFIED (Dirty Feed),-1,0,1,2
9431,The University of Auckland,XX,Stub: UNVERIFIED (Dirty Feed),-1,0,1,1
25820,IT7 Networks Inc,XX,Stub: UNVERIFIED (Dirty Feed),-1,0,9,15
42207,Agencija za komunikacijska omrezja in storitve republike Slovenije,XX,Stub: INHERITED (Clean Pipe),-1,0,0,2
9443,Vocus Retail,XX,Stub: INHERITED (Clean Pipe),-1,0,0,1
206067,Hutchison 3G UK Limited,XX,Stub: INHERITED (Clean Pipe),-1,0,0,2
197892,Spoldzielnia Mieszkaniowa W Nowym Tomyslu,XX,Stub: UNVERIFIED (Dirty Feed),-1,0,2,2
328964,Insight Actuarial Solutions (Pty) Ltd,XX,Stub: UNVERIFIED (Dirty Feed),-1,0,2,2
58631,Vista Group (NZ) Limited,XX,Stub: UNVERIFIED (Dirty Feed),-1,0,2,3
206114,Gavle Energi AB,XX,Stub: INHERITED (Clean Pipe),-1,0,0,1
132423,Powai,XX,Stub: UNVERIFIED (Dirty Feed),-1,0,2,3
58698,The University of Wollongong,XX,Stub: INHERITED (Clean Pipe),-1,0,0,1
214347,Massive Dynamic Technical Services Limited,XX,Stub: UNVERIFIED (Dirty Feed),-1,0,2,2
34134,FreeClix Ltd,XX,Stub: INHERITED (Clean Pipe),-1,0,0,1
197975,LINK Mobility GmbH,XX,Stub: INHERITED (Clean Pipe),-1,0,0,3
42334,Broadband Plus S.a.l.,XX,Stub: UNVERIFIED (Dirty Feed),-1,0,2,2
206177,SitePark s.r.o.,XX,Stub: INHERITED (Clean Pipe),-1,0,0,1
198024,Istekki Oy,XX,Stub: INHERITED (Clean Pipe),-1,0,0,2
198050,"Marek Piwowarski trading as ALFA-SYSTEM M. Piwowarski, A. Widera s.j.",XX,Stub: INHERITED (Clean Pipe),-1,0,0,1
50599,DATASPACE P.S.A.,XX,Stub: UNVERIFIED (Dirty Feed),-1,0,3,5
198060,Darva (Developpement D'applications Sur Reseaux a Valeur Ajoutee) SAS,XX,Stub: UNVERIFIED (Dirty Feed),-1,0,1,3
329158,N'Djamena IX,XX,Stub: INHERITED (Clean Pipe),-1,0,0,1
50666,LigaT Telecom Sociedade Unipessoal LDA,XX,Stub: UNVERIFIED (Dirty Feed),-1,0,1,1
42490,ZETO-RZESZOW Sp. z o.o.,XX,Stub: INHERITED (Clean Pipe),-1,0,0,1
9735,Hong Kong Domain Name Registration Co. Ltd,XX,Stub: UNVERIFIED (Dirty Feed),-1,0,1,1
198161,"Sokolovska uhelna, pravni nastupce, a.s.",XX,Stub: UNVERIFIED (Dirty Feed),-1,0,2,3
214556,Vexura UG (Haftungsbeschraenkt),XX,Stub: INHERITED (Clean Pipe),-1,0,0,2
214564,Bruce Moriarty,XX,Stub: INHERITED (Clean Pipe),-1,0,0,1
42557,Xidras GmbH,XX,Stub: INHERITED (Clean Pipe),-1,0,0,1
263759,CELERO NETWORKS CORP,XX,Stub: UNVERIFIED (Dirty Feed),-1,0,1,2
206420,KABEL servis Praha spol. s r.o.,XX,Stub: UNVERIFIED (Dirty Feed),-1,0,1,1
263771,"IP NET, C.A.",XX,Stub: UNVERIFIED (Dirty Feed),-1,0,1,2
198249,Ops One AG,XX,Stub: UNVERIFIED (Dirty Feed),-1,0,3,4
214640,Hostup AB,XX,Stub: UNVERIFIED (Dirty Feed),-1,0,1,3
50825,UVT Internet s.r.o.,XX,Stub: UNVERIFIED (Dirty Feed),-1,0,1,1
42643,Sebastian Baginski BLAST.PL,XX,Stub: UNVERIFIED (Dirty Feed),-1,0,1,2
34467,"JSC Telephone Company ""Sotcom""",XX,Stub: INHERITED (Clean Pipe),-1,0,0,1
214696,Uncollapse LLC,XX,Stub: INHERITED (Clean Pipe),-1,0,0,1
42669,CITTA' STUDI S.P.A.,XX,Stub: INHERITED (Clean Pipe),-1,0,0,1
42675,Obehosting AB,XX,Stub: INHERITED (Clean Pipe),-1,0,0,1
1734,Contra Costa County Regional Occupation Program / Richmond,XX,Stub: INHERITED (Clean Pipe),-1,0,0,2
42730,EVANZO e-commerce GmbH,XX,Stub: INHERITED (Clean Pipe),-1,0,0,2
59128,Kyoto University Microcomputer Club,XX,Stub: UNVERIFIED (Dirty Feed),-1,0,1,3
141073,PT Juragan Wifi Indonesia,XX,Stub: UNVERIFIED (Dirty Feed),-1,0,2,2
50971,JHComp s.r.o.,XX,Stub: UNVERIFIED (Dirty Feed),-1,0,1,1
395035,LiveOak Fiber,XX,Stub: INHERITED (Clean Pipe),-1,0,0,2
214822,MT FINANCE LLC,XX,Stub: UNVERIFIED (Dirty Feed),-1,0,1,2
50999,King Abdullah University of Science and Technology,XX,Stub: UNVERIFIED (Dirty Feed),-1,0,2,3
34622,Bredband i Kristianstad AB,XX,Stub: UNVERIFIED (Dirty Feed),-1,0,1,2
1856,"RTX BBN Technologies, Inc.",XX,Stub: INHERITED (Clean Pipe),-1,0,0,1
1897,"NOS COMUNICACOES, S.A.",XX,Stub: INHERITED (Clean Pipe),-1,0,0,1
1926,Tampere University Foundation,XX,Stub: INHERITED (Clean Pipe),-1,0,0,1
141235,PrimeXM Networks (Singapore) PTE. LTD,XX,Stub: INHERITED (Clean Pipe),-1,0,0,1
34749,GLOBAL SERVICE PROVIDER S.A.,XX,Stub: UNVERIFIED (Dirty Feed),-1,0,1,2
214996,netcup GmbH - Manassas,XX,Stub: UNVERIFIED (Dirty Feed),-1,0,1,1
42970,Mezcalito SCOP-SARL,XX,Stub: INHERITED (Clean Pipe),-1,0,0,1
51167,Contabo GmbH,XX,Stub: UNVERIFIED (Dirty Feed),-1,0,1,4
18419,DaDa Broadband LTD.,XX,Stub: UNVERIFIED (Dirty Feed),-1,0,2,2
51207,Free Mobile SAS,XX,Stub: INHERITED (Clean Pipe),-1,0,0,1
51263,County Broadband Ltd,XX,Stub: UNVERIFIED (Dirty Feed),-1,0,1,5
206912,Superdach LTD,XX,Stub: UNVERIFIED (Dirty Feed),-1,0,1,1
198721,Progetto8 Srl,XX,Stub: UNVERIFIED (Dirty Feed),-1,0,1,4
198725,Ultimum Technologies a.s.,XX,Stub: INHERITED (Clean Pipe),-1,0,0,1
198736,Stream Networks Ltd,XX,Stub: UNVERIFIED (Dirty Feed),-1,0,1,2
59474,Rechenzentrum Hassfurt GmbH,XX,Stub: INHERITED (Clean Pipe),-1,0,0,1
34915,METROPOLITAN SERVICES SRL,XX,Stub: UNVERIFIED (Dirty Feed),-1,0,1,2
198761,Simac IT NL B.V.,XX,Stub: UNVERIFIED (Dirty Feed),-1,0,1,2
43127,Ifolor AG,XX,Stub: UNVERIFIED (Dirty Feed),-1,0,1,2
10364,University of Alabama in Huntsville,XX,Stub: UNVERIFIED (Dirty Feed),-1,0,2,2
34948,Claranet SAS,XX,Stub: INHERITED (Clean Pipe),-1,0,0,1
34949,IDLINE SAS,XX,Stub: UNVERIFIED (Dirty Feed),-1,0,1,3
395412,VS Media Inc.,XX,Stub: UNVERIFIED (Dirty Feed),-1,0,1,3
34970,Diatem SAS,XX,Stub: UNVERIFIED (Dirty Feed),-1,0,2,3
34979,39D Services LTD,XX,Stub: INHERITED (Clean Pipe),-1,0,0,1
35007,Miconet Sp. z o.o.,XX,Stub: UNVERIFIED (Dirty Feed),-1,0,1,2
215248,Bastiaan Mathijs Brink,XX,Stub: UNVERIFIED (Dirty Feed),-1,0,7,8
215250,Tobias Fiebig,XX,Stub: INHERITED (Clean Pipe),-1,0,0,1
59617,Andy Davidson,XX,Stub: INHERITED (Clean Pipe),-1,0,0,1
18663,University of the Pacific,XX,Stub: UNVERIFIED (Dirty Feed),-1,0,3,4
35063,Chopin Telewizja Kablowa spolka z ograniczona odpowiedzialnoscia,XX,Stub: INHERITED (Clean Pipe),-1,0,0,2
35065,Leipziger Messe GmbH,XX,Stub: INHERITED (Clean Pipe),-1,0,0,2
35071,Xoom Limited,XX,Stub: INHERITED (Clean Pipe),-1,0,0,1
198923,Mitja Herbaj,XX,Stub: UNVERIFIED (Dirty Feed),-1,0,1,1
207146,Netikom SRL,XX,Stub: UNVERIFIED (Dirty Feed),-1,0,1,2
59715,Comune di San Benedetto del Tronto,XX,Stub: UNVERIFIED (Dirty Feed),-1,0,1,2
198985,AQUILENET,XX,Stub: UNVERIFIED (Dirty Feed),-1,0,1,3
215370,Thomas Sebastiaan Viet trading as Wasabi Hosting,XX,Stub: UNVERIFIED (Dirty Feed),-1,0,1,4
198990,Pine Hosting LTD,XX,Stub: INHERITED (Clean Pipe),-1,0,0,1
35158,Dansk Net A/S,XX,Stub: UNVERIFIED (Dirty Feed),-1,0,1,2
18792,Meme Holdings LLC,XX,Stub: UNVERIFIED (Dirty Feed),-1,0,1,1
141681,ONDO LLC,XX,Stub: INHERITED (Clean Pipe),-1,0,0,1
10620,Telmex Colombia S.A.,XX,Stub: UNVERIFIED (Dirty Feed),-1,0,1,1
133504,PAOCLOUD,XX,Stub: UNVERIFIED (Dirty Feed),-1,0,6,9
395651,Tahoe Internet Exchange (TahoeIX),XX,Stub: INHERITED (Clean Pipe),-1,0,0,1
59787,"WebSP - Comercio e Prestacao de Servicos Informaticos, Lda",XX,Stub: INHERITED (Clean Pipe),-1,0,0,1
59789,CISMO Clearing Integrated Services and Market Operations Gmb,XX,Stub: INHERITED (Clean Pipe),-1,0,0,1
43408,Orange Cyberdefense UK Limited,XX,Stub: UNVERIFIED (Dirty Feed),-1,0,3,3
215444,MOA Group GmbH,XX,Stub: UNVERIFIED (Dirty Feed),-1,0,1,2
215455,GENERAL IT RUS LLC,XX,Stub: UNVERIFIED (Dirty Feed),-1,0,2,3
272809,"THUNDERNET, C.A.",XX,Stub: UNVERIFIED (Dirty Feed),-1,0,4,5
272839,NETCALLS SOCIEDAD DE RESPONSABILIDAD LIMITADA,XX,Stub: UNVERIFIED (Dirty Feed),-1,0,2,2
51664,Bilendi Technology SARL,XX,Stub: UNVERIFIED (Dirty Feed),-1,0,2,2
264660,MESH COMUNICACIONES C.A.,XX,Stub: UNVERIFIED (Dirty Feed),-1,0,1,1
199128,PET NET DOO Gevgelija,XX,Stub: INHERITED (Clean Pipe),-1,0,0,1
199150,Excedo Networks AB,XX,Stub: INHERITED (Clean Pipe),-1,0,0,1
43507,"RETE internet, s.r.o.",XX,Stub: UNVERIFIED (Dirty Feed),-1,0,1,2
2552,Washington University,XX,Stub: INHERITED (Clean Pipe),-1,0,0,2
199188,PrimeXM Services (Cyprus) Ltd,XX,Stub: INHERITED (Clean Pipe),-1,0,0,1
35378,Sat Film Sp. z o.o.,XX,Stub: UNVERIFIED (Dirty Feed),-1,0,1,3
2637,Georgia Institute of Technology,XX,Stub: UNVERIFIED (Dirty Feed),-1,0,1,2
273002,TRACTORAL SOCIEDAD ANONIMA,XX,Stub: UNVERIFIED (Dirty Feed),-1,0,2,2
60016,Fiberstream 87 AG,XX,Stub: UNVERIFIED (Dirty Feed),-1,0,1,1
199297,Vyme SASU,XX,Stub: UNVERIFIED (Dirty Feed),-1,0,1,1
51852,Private Layer INC,XX,Stub: UNVERIFIED (Dirty Feed),-1,0,1,1
273041,Universidad de San Carlos de Guatemala,XX,Stub: UNVERIFIED (Dirty Feed),-1,0,1,1
215704,NGN CZ s.r.o.,XX,Stub: UNVERIFIED (Dirty Feed),-1,0,1,3
35492,FunkFeuer Wien - Verein zur Foerderung freier Netze,XX,Stub: UNVERIFIED (Dirty Feed),-1,0,1,4
215733,Blacknight Internet Solutions Limited,XX,Stub: INHERITED (Clean Pipe),-1,0,0,1
199354,Arab States Research and Education Network (ASREN) Gemeinnutzige GmbH,XX,Stub: UNVERIFIED (Dirty Feed),-1,0,1,1
51918,Cerberus Networks Ltd,XX,Stub: INHERITED (Clean Pipe),-1,0,0,2
10961,Boston GigaPoP,XX,Stub: INHERITED (Clean Pipe),-1,0,0,2
60117,Host Sailor Ltd,XX,Stub: UNVERIFIED (Dirty Feed),-1,0,2,4
43749,Happymed Healthcare and IT Provider Co. Ltd.,XX,Stub: UNVERIFIED (Dirty Feed),-1,0,1,1
199399,National Infrastructures for Research and Technology S.A.,XX,IXP / Peer / Stub,-1,0,0,0
2792,Deutsche Telekom AG,XX,Stub: INHERITED (Clean Pipe),-1,0,0,1
60150,area-7 IT-Services GmbH,XX,Stub: UNVERIFIED (Dirty Feed),-1,0,2,4
60156,Solution Design Inc Oy,XX,Stub: INHERITED (Clean Pipe),-1,0,0,2
27411,"Leaseweb USA, Inc.",XX,Stub: INHERITED (Clean Pipe),-1,0,0,2
51996,MicroStrategy Poland Sp. z o.o.,XX,Stub: UNVERIFIED (Dirty Feed),-1,0,1,2
142108,Rotko Networks,XX,Stub: UNVERIFIED (Dirty Feed),-1,0,1,2
199471,Marcel Straub,XX,Stub: UNVERIFIED (Dirty Feed),-1,0,4,5
60273,ALTANETICA S.L.,XX,Stub: INHERITED (Clean Pipe),-1,0,0,2
11131,University of Maryland Baltimore County (UMBC),XX,Stub: UNVERIFIED (Dirty Feed),-1,0,3,3
35710,weber.digital GmbH,XX,Stub: UNVERIFIED (Dirty Feed),-1,0,2,4
60288,Eurobase GmbH,XX,Stub: UNVERIFIED (Dirty Feed),-1,0,2,2
43910,Intra2net AG,XX,Stub: INHERITED (Clean Pipe),-1,0,0,2
43915,TrueSpeed Communications Limited,XX,Stub: UNVERIFIED (Dirty Feed),-1,0,1,3
60304,Starnet Sh.p.k.,XX,Stub: INHERITED (Clean Pipe),-1,0,0,1
396185,GILES-CRAIG COMMUNICATIONS INC.,XX,Stub: UNVERIFIED (Dirty Feed),-1,0,2,2
396190,"Leaseweb USA, Inc.",XX,Stub: INHERITED (Clean Pipe),-1,0,0,3
52130,LiveSport s.r.o.,XX,Stub: INHERITED (Clean Pipe),-1,0,0,2
215981,X-Fibre Ltd,XX,Stub: UNVERIFIED (Dirty Feed),-1,0,1,2
43950,"Terence Froy trading as ""Spilsby Internet Solutions""",XX,Stub: UNVERIFIED (Dirty Feed),-1,0,1,2
43965,Tehran University of Medical Science,XX,Stub: INHERITED (Clean Pipe),-1,0,0,2
207825,Datarymden Internet AB,XX,Stub: INHERITED (Clean Pipe),-1,0,0,1
199636,Free Pro SAS,XX,Stub: INHERITED (Clean Pipe),-1,0,0,1
60377,toob limited,XX,Stub: UNVERIFIED (Dirty Feed),-1,0,1,2
60382,Cranleigh School,XX,Stub: INHERITED (Clean Pipe),-1,0,0,2
134111,Commonwealth Scientific and Industrial Research Organisation,XX,Stub: INHERITED (Clean Pipe),-1,0,0,1
35829,"auth-servers, LLC",XX,Stub: UNVERIFIED (Dirty Feed),-1,0,2,4
44024,Radu Draghici,XX,Stub: INHERITED (Clean Pipe),-1,0,0,1
44034,Hi3G Access AB,XX,Stub: INHERITED (Clean Pipe),-1,0,0,3
207886,ECOMP spol s r.o.,XX,Stub: UNVERIFIED (Dirty Feed),-1,0,1,1
216104,Photonic Networks Ltd,XX,Stub: INHERITED (Clean Pipe),-1,0,0,1
60470,SkyNet Ltd.,XX,Stub: INHERITED (Clean Pipe),-1,0,0,1
19528,"Meridian Parkway Data Center Owner, LLC",XX,Stub: UNVERIFIED (Dirty Feed),-1,0,5,6
396362,"Leaseweb USA, Inc.",XX,Stub: INHERITED (Clean Pipe),-1,0,0,3
216139,Iron Hosting Centre LTD,XX,Stub: UNVERIFIED (Dirty Feed),-1,0,2,3
216176,Maurice Preuss,XX,Stub: INHERITED (Clean Pipe),-1,0,0,1
44176,VNext AB,XX,Stub: INHERITED (Clean Pipe),-1,0,0,2
150685,Ching Kuo,XX,Stub: UNVERIFIED (Dirty Feed),-1,0,1,1
27806,WAYSCOM,XX,Stub: INHERITED (Clean Pipe),-1,0,0,1
36007,"Kamatera, Inc.",XX,Stub: UNVERIFIED (Dirty Feed),-1,0,2,5
44212,Adelphi Net1 Ltd,XX,Stub: INHERITED (Clean Pipe),-1,0,0,2
52431,CyberWave S.A.,XX,Stub: UNVERIFIED (Dirty Feed),-1,0,4,5
134356,"NBC Co.,Ltd",XX,Stub: INHERITED (Clean Pipe),-1,0,0,2
396515,YYCIX,XX,Stub: UNVERIFIED (Dirty Feed),-1,0,1,2
199918,Wilton Arthur Poth,XX,Stub: UNVERIFIED (Dirty Feed),-1,0,1,2
199937,ANWB B.V.,XX,Stub: UNVERIFIED (Dirty Feed),-1,0,2,3
44291,Infomir LLC,XX,Stub: UNVERIFIED (Dirty Feed),-1,0,1,4
208135,Carl Fabian Luepke,XX,Stub: INHERITED (Clean Pipe),-1,0,0,1
44297,ICODIA SAS,XX,Stub: UNVERIFIED (Dirty Feed),-1,0,2,3
216333,NetDev UG (haftungsbeschraenkt),XX,Stub: UNVERIFIED (Dirty Feed),-1,0,2,4
60713,EXEA Sp. z o.o.,XX,Stub: UNVERIFIED (Dirty Feed),-1,0,2,3
208172,Proton AG,XX,Stub: UNVERIFIED (Dirty Feed),-1,0,2,2
216368,Petersburg Internet Network ltd.,XX,Stub: UNVERIFIED (Dirty Feed),-1,0,1,1
208183,Internetmanufaktur Karlsruhe UG (haftungsbeschraenkt),XX,Stub: UNVERIFIED (Dirty Feed),-1,0,1,2
60767,Robert Finze,XX,Stub: UNVERIFIED (Dirty Feed),-1,0,1,2
200040,Netgigabit iletisim Hizmetleri Ltd. Sti,XX,Stub: UNVERIFIED (Dirty Feed),-1,0,2,2
11655,Saskatoon Internet Exchange Inc,XX,Stub: INHERITED (Clean Pipe),-1,0,0,2
28075,ARLINK S.A.,XX,Stub: UNVERIFIED (Dirty Feed),-1,0,8,9
19901,Brightspeed,XX,Stub: UNVERIFIED (Dirty Feed),-1,0,2,4
200129,LHISP S.A.,XX,Stub: INHERITED (Clean Pipe),-1,0,0,2
208323,Foundation for Applied Privacy,XX,Stub: UNVERIFIED (Dirty Feed),-1,0,1,2
60943,FIBERLAND SRLS,XX,Stub: INHERITED (Clean Pipe),-1,0,0,2
200223,Lars Jannick Volkers trading as Etheron Hosting,XX,Stub: UNVERIFIED (Dirty Feed),-1,0,1,1
208449,"Micky Del Favero trading as ""BeeCloudy.net""",XX,Stub: UNVERIFIED (Dirty Feed),-1,0,2,4
274017,Floriano SAS,XX,Stub: UNVERIFIED (Dirty Feed),-1,0,2,2
61029,DODW Holding B.V.,XX,Stub: UNVERIFIED (Dirty Feed),-1,0,1,3
44651,Kalasznet Kabel TV Kft,XX,Stub: INHERITED (Clean Pipe),-1,0,0,1
208520,King Abdul Aziz City for Science and Technology,XX,Stub: UNVERIFIED (Dirty Feed),-1,0,1,1
44695,FOP Markovskiy Denis Vadimovich,XX,Stub: UNVERIFIED (Dirty Feed),-1,0,1,2
396952,"Net253, LLC",XX,Stub: UNVERIFIED (Dirty Feed),-1,0,1,2
61098,Exoscale (Akenes SA),XX,Stub: UNVERIFIED (Dirty Feed),-1,0,6,8
208563,CodeReactor Limited,XX,Stub: UNVERIFIED (Dirty Feed),-1,0,3,4
396982,Google Cloud Platform,XX,Stub: INHERITED (Clean Pipe),-1,0,0,2
44746,Satellithuset i Limmared AB,XX,Stub: INHERITED (Clean Pipe),-1,0,0,1
208590,Lasagna Ltd,XX,Stub: INHERITED (Clean Pipe),-1,0,0,1
397018,Cloud Propeller,XX,Stub: INHERITED (Clean Pipe),-1,0,0,3
3842,"InMotion Hosting, Inc.",XX,Stub: UNVERIFIED (Dirty Feed),-1,0,4,6
397068,CarolinaConnect Cooperative,XX,Stub: UNVERIFIED (Dirty Feed),-1,0,1,2
53006,ALGAR TELECOM S/A,XX,Stub: UNVERIFIED (Dirty Feed),-1,0,1,1
208725,Devrandom.be BV,XX,Stub: UNVERIFIED (Dirty Feed),-1,0,2,3
3927,RGnet OU,XX,Stub: UNVERIFIED (Dirty Feed),-1,0,1,2
12127,Telefonica Moviles El Salvador S.A. de C.V.,XX,Stub: UNVERIFIED (Dirty Feed),-1,0,2,2
397168,National Capital Freenet Inc,XX,Stub: UNVERIFIED (Dirty Feed),-1,0,1,3
208772,Freifunk Stuttgart e.V.,XX,Stub: INHERITED (Clean Pipe),-1,0,0,3
44949,Gigacodes GmbH,XX,Stub: UNVERIFIED (Dirty Feed),-1,0,2,5
208789,SENAT,XX,Stub: INHERITED (Clean Pipe),-1,0,0,1
200599,eins energie in sachsen GmbH & Co. KG,XX,Stub: UNVERIFIED (Dirty Feed),-1,0,1,3
208888,"Four Mirror Advisors, S.L.",XX,Stub: INHERITED (Clean Pipe),-1,0,0,1
208906,"SYNOT ICT Services, a.s.",XX,Stub: UNVERIFIED (Dirty Feed),-1,0,1,2
397332,City of Anacortes,XX,Stub: UNVERIFIED (Dirty Feed),-1,0,1,2
208920,Rocket Way S.R.L.,XX,Stub: UNVERIFIED (Dirty Feed),-1,0,1,2
208927,WILO SE,XX,Stub: INHERITED (Clean Pipe),-1,0,0,2
4128,RGnet OU,XX,Stub: UNVERIFIED (Dirty Feed),-1,0,1,2
200735,MN Glasfaser GmbH trading as MUENET GmbH & Co. KG,XX,Stub: UNVERIFIED (Dirty Feed),-1,0,1,1
28728,Infornax Information Technology Zrt.,XX,Stub: UNVERIFIED (Dirty Feed),-1,0,1,1
397376,IFN,XX,Stub: UNVERIFIED (Dirty Feed),-1,0,1,2
61510,Cooperativa Telefonica de Calafate Ltda.,XX,Stub: UNVERIFIED (Dirty Feed),-1,0,3,3
12361,VODAFONE-PANAFON HELLENIC TELECOMMUNICATIONS COMPANY SA,XX,Stub: INHERITED (Clean Pipe),-1,0,0,1
45131,REANNZ Head Office,XX,Stub: INHERITED (Clean Pipe),-1,0,0,1
208974,Internetmanufaktur Karlsruhe UG (haftungsbeschraenkt),XX,Stub: UNVERIFIED (Dirty Feed),-1,0,1,1
12374,LF.net Netzwerksysteme GmbH,XX,Stub: UNVERIFIED (Dirty Feed),-1,0,1,5
28785,Asseco Cloud Sp. z o. o.,XX,Stub: UNVERIFIED (Dirty Feed),-1,0,1,3
20596,Future Publishing Ltd,XX,Stub: INHERITED (Clean Pipe),-1,0,0,3
209040,SeWiKom GmbH,XX,Stub: UNVERIFIED (Dirty Feed),-1,0,1,1
61615,FALE S.A.,XX,Stub: UNVERIFIED (Dirty Feed),-1,0,1,2
28854,SavMAN AB,XX,Stub: INHERITED (Clean Pipe),-1,0,0,1
200906,MCT SAS,XX,Stub: UNVERIFIED (Dirty Feed),-1,0,3,3
135421,"SALKELD, MATTHEW T/A MATTHEW SALKELD CONSULTING",XX,Stub: UNVERIFIED (Dirty Feed),-1,0,1,2
200995,BIT BV,XX,Stub: INHERITED (Clean Pipe),-1,0,0,1
209198,Offshore Renewable Energy Catapult,XX,Stub: UNVERIFIED (Dirty Feed),-1,0,1,2
53550,"NTT Cloud Communications US, Inc.",XX,Stub: UNVERIFIED (Dirty Feed),-1,0,3,6
151858,INTERDIGI JOINT STOCK COMPANY,XX,Stub: UNVERIFIED (Dirty Feed),-1,0,2,3
201011,Core-Backbone GmbH,XX,Stub: UNVERIFIED (Dirty Feed),-1,0,1,1
20798,EPTE Oy,XX,Stub: INHERITED (Clean Pipe),-1,0,0,1
29018,trivago N.V.,XX,Stub: UNVERIFIED (Dirty Feed),-1,0,2,3
209252,PGL ESPORTS SRL,XX,Stub: UNVERIFIED (Dirty Feed),-1,0,1,4
20857,TransIP B.V. (team.blue NL),XX,Stub: UNVERIFIED (Dirty Feed),-1,0,1,1
29086,"GiTy, a.s.",XX,Stub: INHERITED (Clean Pipe),-1,0,0,2
397727,Atlantic IXPs Inc.,XX,Stub: INHERITED (Clean Pipe),-1,0,0,1
4528,The University of Hong Kong,XX,Stub: INHERITED (Clean Pipe),-1,0,0,1
29122,i-Wet Ltd.,XX,Stub: INHERITED (Clean Pipe),-1,0,0,1
201155,embeDD GmbH,XX,Stub: UNVERIFIED (Dirty Feed),-1,0,2,2
12775,JPC Infonet Ltd,XX,Stub: UNVERIFIED (Dirty Feed),-1,0,2,3
20986,EasyTeam SAS,XX,Stub: UNVERIFIED (Dirty Feed),-1,0,1,2
53763,"Lakeside Network, LLC",XX,Stub: UNVERIFIED (Dirty Feed),-1,0,1,1
201220,Gruppo EURIS Spa,XX,Stub: INHERITED (Clean Pipe),-1,0,0,1
201240,Rocket NG GmbH,XX,Stub: UNVERIFIED (Dirty Feed),-1,0,1,2
21034,Micso s.r.l.,XX,Stub: UNVERIFIED (Dirty Feed),-1,0,1,3
209465,VIG SERVICES SHQIPERI Sh.p.k.,XX,Stub: INHERITED (Clean Pipe),-1,0,0,1
29247,Ote SA (Hellenic Telecommunications Organisation),XX,Stub: INHERITED (Clean Pipe),-1,0,0,1
266832,CONEXIONES TECNOLOGICAS Y COMUNICACION S.A.S.,XX,Stub: UNVERIFIED (Dirty Feed),-1,0,2,3
21079,Oesterreichische Kontrollbank Aktiengesellschaft,XX,Stub: UNVERIFIED (Dirty Feed),-1,0,1,2
62080,Adrian Almenar Serrano,XX,Stub: INHERITED (Clean Pipe),-1,0,0,1
53910,Northwestel Inc.,XX,Stub: INHERITED (Clean Pipe),-1,0,0,1
397990,Williamslabs LLC,XX,Stub: INHERITED (Clean Pipe),-1,0,0,1
62141,COMPAGNIE NATIONALE DU RHONE S.A.,XX,Stub: UNVERIFIED (Dirty Feed),-1,0,1,3
12990,Ringier Axel Springer Polska Sp. z o.o.,XX,Stub: UNVERIFIED (Dirty Feed),-1,0,1,3
37578,Telecommunication Sevice  Providers Association of Kenya - TESPOK,XX,Stub: UNVERIFIED (Dirty Feed),-1,0,2,2
135887,Belong (Telstra Limited),XX,Stub: INHERITED (Clean Pipe),-1,0,0,1
29423,gridscale GmbH,XX,Stub: UNVERIFIED (Dirty Feed),-1,0,2,2
398065,Fritz Lab LLC,XX,Stub: INHERITED (Clean Pipe),-1,0,0,1
135932,Viet Storage Technology Joint Stock Company,XX,Stub: UNVERIFIED (Dirty Feed),-1,0,3,4
21247,Association IP Synergies,XX,Stub: UNVERIFIED (Dirty Feed),-1,0,3,3
21260,The Positive Internet Company Ltd,XX,Stub: UNVERIFIED (Dirty Feed),-1,0,1,3
62227,EKCO CLOUD AND SECURITY LIMITED,XX,Stub: UNVERIFIED (Dirty Feed),-1,0,1,3
398113,Gateway Fiber LLC,XX,Stub: INHERITED (Clean Pipe),-1,0,0,3
29484,Ruhr-Universitaet Bochum,XX,Stub: UNVERIFIED (Dirty Feed),-1,0,1,2
201533,United Networks SE,XX,Stub: UNVERIFIED (Dirty Feed),-1,0,1,1
62310,axilaris GmbH,XX,Stub: INHERITED (Clean Pipe),-1,0,0,2
62357,2M-IT Oy,XX,Stub: INHERITED (Clean Pipe),-1,0,0,2
209815,SNC ALTAREA MANAGEMENT,XX,Stub: UNVERIFIED (Dirty Feed),-1,0,2,2
201636,Tec6 SARL,XX,Stub: UNVERIFIED (Dirty Feed),-1,0,1,1
201644,Brabant Water N.V,XX,Stub: INHERITED (Clean Pipe),-1,0,0,1
13246,Key-Systems GmbH,XX,Stub: UNVERIFIED (Dirty Feed),-1,0,2,3
13251,QiTEC GmbH,XX,Stub: UNVERIFIED (Dirty Feed),-1,0,1,2
152533,"National Institute of Technology Karnataka, Surathkal",XX,Stub: UNVERIFIED (Dirty Feed),-1,0,2,2
46050,PT JC Indonesia,XX,Stub: UNVERIFIED (Dirty Feed),-1,0,2,3
209894,Foerderverein Freie Infrastruktur e.V.,XX,Stub: UNVERIFIED (Dirty Feed),-1,0,1,5
209915,trivago N.V.,XX,Stub: UNVERIFIED (Dirty Feed),-1,0,2,2
21538,IGWAN.NET,XX,Stub: UNVERIFIED (Dirty Feed),-1,0,1,1
201773,University of Warwick,XX,Stub: INHERITED (Clean Pipe),-1,0,0,1
21565,"Horry Telephone Cooperative, Inc.",XX,Stub: UNVERIFIED (Dirty Feed),-1,0,1,1
62538,ipFail Networks,XX,Stub: UNVERIFIED (Dirty Feed),-1,0,1,2
201838,Community Fibre Limited,XX,Stub: UNVERIFIED (Dirty Feed),-1,0,1,2
13427,"Softcom Internet Communications, Inc.",XX,Stub: INHERITED (Clean Pipe),-1,0,0,2
398493,System In Place,XX,Stub: INHERITED (Clean Pipe),-1,0,0,1
210140,GAVLEBORGS LANS LANDSTING,XX,Stub: INHERITED (Clean Pipe),-1,0,0,1
5409,toplink GmbH,XX,Stub: INHERITED (Clean Pipe),-1,0,0,3
152873,Neodyland,XX,Stub: UNVERIFIED (Dirty Feed),-1,0,2,3
202032,GOLINE SA,XX,Stub: UNVERIFIED (Dirty Feed),-1,0,3,8
5436,Computacenter France SAS,XX,Stub: INHERITED (Clean Pipe),-1,0,0,2
54594,Illuminate Hillsboro,XX,Stub: INHERITED (Clean Pipe),-1,0,0,2
62787,Snark Holding Corp.,XX,Stub: INHERITED (Clean Pipe),-1,0,0,2
202066,Green IT Solutions Sarl,XX,Stub: INHERITED (Clean Pipe),-1,0,0,1
38229,"Lanka Education & Research Network, NREN",XX,Stub: UNVERIFIED (Dirty Feed),-1,0,1,2
5470,Aristotle University of Thessaloniki,XX,Stub: INHERITED (Clean Pipe),-1,0,0,2
202094,FINDER SpA,XX,Stub: UNVERIFIED (Dirty Feed),-1,0,1,2
210303,Hamburg Port Authority AoeR,XX,Stub: INHERITED (Clean Pipe),-1,0,0,2
202112,TELMACO S.A,XX,Stub: UNVERIFIED (Dirty Feed),-1,0,1,1
21903,Arnhem Networks LLC,XX,Stub: UNVERIFIED (Dirty Feed),-1,0,5,6
5520,Universitaet zu Koeln,XX,Stub: INHERITED (Clean Pipe),-1,0,0,1
46505,NixiHost.com Incorporated,XX,Stub: UNVERIFIED (Dirty Feed),-1,0,2,3
30133,ISC F-ROOT NUL0,XX,Stub: UNVERIFIED (Dirty Feed),-1,0,1,1
210374,Pedro Direito,XX,Stub: UNVERIFIED (Dirty Feed),-1,0,1,1
202196,Booking.com BV,XX,Stub: UNVERIFIED (Dirty Feed),-1,0,7,11
267743,GILAT NETWORKS PERU S.A.,XX,Stub: UNVERIFIED (Dirty Feed),-1,0,2,2
202208,teutel GmbH,XX,Stub: UNVERIFIED (Dirty Feed),-1,0,1,2
210429,Hizakura B.V.,XX,Stub: INHERITED (Clean Pipe),-1,0,0,1
202288,Matthew Martin,XX,Stub: UNVERIFIED (Dirty Feed),-1,0,1,1
63025,NOHAVPS LLC,XX,Stub: UNVERIFIED (Dirty Feed),-1,0,3,4
267841,GIGAS HOSTING COLOMBIA S.A.S.,XX,Stub: UNVERIFIED (Dirty Feed),-1,0,1,1
202329,Verein zur Foerderung freier Netze Region Mittlerer Oberrhein e.V.,XX,Stub: UNVERIFIED (Dirty Feed),-1,0,1,1
30298,META Solutions,XX,Stub: UNVERIFIED (Dirty Feed),-1,0,1,1
398960,Cryoflesh Inc,XX,Stub: UNVERIFIED (Dirty Feed),-1,0,1,2
398986,secured.gg (Gameserverkings),XX,Stub: INHERITED (Clean Pipe),-1,0,0,2
5786,University of Puerto Rico,XX,Stub: UNVERIFIED (Dirty Feed),-1,0,1,1
202401,Webhosting24 GmbH,XX,Stub: UNVERIFIED (Dirty Feed),-1,0,1,1
399016,Canadian Fiber Optics Corp.,XX,Stub: UNVERIFIED (Dirty Feed),-1,0,1,3
202422,G-Core Labs S.A.,XX,Stub: INHERITED (Clean Pipe),-1,0,0,1
54978,ZYWAVE INC,XX,Stub: UNVERIFIED (Dirty Feed),-1,0,3,4
202454,Pine Media Ltd,XX,Stub: INHERITED (Clean Pipe),-1,0,0,2
399105,CECREVIER,XX,Stub: UNVERIFIED (Dirty Feed),-1,0,1,1
22296,Vorsk LLC,XX,Stub: UNVERIFIED (Dirty Feed),-1,0,2,3
63322,Parler Cloud,XX,Stub: INHERITED (Clean Pipe),-1,0,0,2
210793,Altonetz GmbH,XX,Stub: UNVERIFIED (Dirty Feed),-1,0,1,1
202605,"EMPECOM, s.r.o.",XX,Stub: UNVERIFIED (Dirty Feed),-1,0,2,2
137074,Responsible Internet Sustainability Effort,XX,Stub: INHERITED (Clean Pipe),-1,0,0,1
210805,Open Infra ISP Production International AB,XX,Stub: INHERITED (Clean Pipe),-1,0,0,2
202616,Wien Energie GmbH,XX,Stub: INHERITED (Clean Pipe),-1,0,0,1
202618,"Rychly drat, s.r.o.",XX,Stub: UNVERIFIED (Dirty Feed),-1,0,1,1
399242,CodingFlyBoy LLC,XX,Stub: INHERITED (Clean Pipe),-1,0,0,1
202663,VOGANET SARL,XX,Stub: UNVERIFIED (Dirty Feed),-1,0,2,2
6058,Northwestel Inc.,XX,Stub: UNVERIFIED (Dirty Feed),-1,0,1,1
202693,Erik Schneider,XX,Stub: UNVERIFIED (Dirty Feed),-1,0,2,3
202716,WWK Lebensversicherung a.G.,XX,Stub: INHERITED (Clean Pipe),-1,0,0,2
47132,Innonet ICT-Services GmbH,XX,Stub: INHERITED (Clean Pipe),-1,0,0,2
14383,"M3COM of Virginia, Inc",XX,Stub: INHERITED (Clean Pipe),-1,0,0,1
38965,Rick van der Sterren trading as HostIn,XX,Stub: UNVERIFIED (Dirty Feed),-1,0,3,4
47202,LAZER TELECOMUNICACOES S.A.,XX,Stub: UNVERIFIED (Dirty Feed),-1,0,1,4
39029,Redpill Linpro AS,XX,Stub: UNVERIFIED (Dirty Feed),-1,0,1,3
202870,Dimensione S.r.l.,XX,Stub: UNVERIFIED (Dirty Feed),-1,0,1,4
153720,Mark Delany,XX,Stub: INHERITED (Clean Pipe),-1,0,0,1
6269,"AT&T Enterprises, LLC",XX,Stub: INHERITED (Clean Pipe),-1,0,0,1
202898,DEVELOPPEMENT D'APPLICATIONS SUR RESEAUX A VALEUR AJOUTEE SA,XX,Stub: INHERITED (Clean Pipe),-1,0,0,1
22684,SSI Micro Ltd.,XX,Stub: INHERITED (Clean Pipe),-1,0,0,1
22709,"North State Telephone, LLC",XX,Stub: UNVERIFIED (Dirty Feed),-1,0,2,5
47317,"Web4ce, s.r.o.",XX,Stub: INHERITED (Clean Pipe),-1,0,0,1
6364,"Atlantic.net, Inc.",XX,Stub: UNVERIFIED (Dirty Feed),-1,0,3,6
6373,Opus One,XX,Stub: INHERITED (Clean Pipe),-1,0,0,2
39150,HOSTING TELECOM LTD,XX,Stub: UNVERIFIED (Dirty Feed),-1,0,3,3
63734,365 Online technology joint stock company,XX,Stub: INHERITED (Clean Pipe),-1,0,0,1
63806,Human-life Information Platforms Institute,XX,Stub: UNVERIFIED (Dirty Feed),-1,0,1,2
63834,PrimeXM Networks (Singapore) PTE. LTD,XX,Stub: INHERITED (Clean Pipe),-1,0,0,1
211309,Obos Nett AS,XX,Stub: UNVERIFIED (Dirty Feed),-1,0,1,1
211327,CODEVAULT SRL,XX,Stub: UNVERIFIED (Dirty Feed),-1,0,1,2
47490,TuxBox,XX,Stub: UNVERIFIED (Dirty Feed),-1,0,1,1
211381,Podaon SIA,XX,Stub: UNVERIFIED (Dirty Feed),-1,0,2,4
63949,Akamai (Linode),XX,Stub: UNVERIFIED (Dirty Feed),-1,0,4,7
23007,Universidad de Los Andes,XX,Stub: UNVERIFIED (Dirty Feed),-1,0,1,1
211462,Andrei Tiberiu Holt,XX,Stub: UNVERIFIED (Dirty Feed),-1,0,1,2
399899,Lightening Systems,XX,Stub: UNVERIFIED (Dirty Feed),-1,0,1,3
203296,Kristillinen Media Oy,XX,Stub: INHERITED (Clean Pipe),-1,0,0,2
47648,NOREST SERVICES SAS,XX,Stub: UNVERIFIED (Dirty Feed),-1,0,1,2
203315,Web Wiz Ltd,XX,Stub: INHERITED (Clean Pipe),-1,0,0,3
14907,Wikimedia Foundation Inc.,XX,Stub: UNVERIFIED (Dirty Feed),-1,0,6,14
39484,Pirkan Opiskelija-asunnot Oy,XX,Stub: INHERITED (Clean Pipe),-1,0,0,1
203352,NEYRIAL CENTRE FRANCE SAS,XX,Stub: UNVERIFIED (Dirty Feed),-1,0,1,2
6750,"Soluciones Dinamicas de la Red, S.L.",XX,Stub: UNVERIFIED (Dirty Feed),-1,0,1,2
55911,kazukichi,XX,Stub: UNVERIFIED (Dirty Feed),-1,0,2,2
14956,RouterHosting LLC,XX,Stub: UNVERIFIED (Dirty Feed),-1,0,5,7
47727,Warnet.cz s.r.o.,XX,Stub: UNVERIFIED (Dirty Feed),-1,0,2,2
39542,SIGMA INFORMATIQUE SAS,XX,Stub: UNVERIFIED (Dirty Feed),-1,0,1,2
203457,Fundacio Institut de Ciencies Fotoniques (ICFO),XX,Stub: INHERITED (Clean Pipe),-1,0,0,1
203476,GANDI SAS,XX,Stub: INHERITED (Clean Pipe),-1,0,0,1
6878,T-Systems International GmbH,XX,Stub: INHERITED (Clean Pipe),-1,0,0,2
203488,DaLuNET s.r.o.,XX,Stub: INHERITED (Clean Pipe),-1,0,0,1
39648,DataCom Group Nordic AB,XX,Stub: INHERITED (Clean Pipe),-1,0,0,1
211694,Alpes Networks SAS,XX,Stub: INHERITED (Clean Pipe),-1,0,0,2
15088,First Network Group Inc,XX,Stub: UNVERIFIED (Dirty Feed),-1,0,1,2
31472,VoiceHost Ltd,XX,Stub: INHERITED (Clean Pipe),-1,0,0,2
31493,TWENTYTWENTYMEDIA LIMITED,XX,Stub: UNVERIFIED (Dirty Feed),-1,0,1,2
31520,"PRIVATE JOINT STOCK COMPANY ""DATAGROUP""",XX,Stub: INHERITED (Clean Pipe),-1,0,0,1
203592,CLOUD & HEAT Technologies GmbH,XX,Stub: INHERITED (Clean Pipe),-1,0,0,2
211809,VALITY SA,XX,Stub: UNVERIFIED (Dirty Feed),-1,0,1,1
39790,Web4U s.r.o.,XX,Stub: UNVERIFIED (Dirty Feed),-1,0,1,3
400245,AlphaCentri Corporation,XX,Stub: INHERITED (Clean Pipe),-1,0,0,1
31615,Odido Netherlands B.V.,XX,Stub: INHERITED (Clean Pipe),-1,0,0,1
7065,"Sonic.net, LLC",XX,Stub: UNVERIFIED (Dirty Feed),-1,0,2,4
39857,Aalto University Student Union,XX,Stub: INHERITED (Clean Pipe),-1,0,0,1
23483,Shasta County Office of Education,XX,Stub: UNVERIFIED (Dirty Feed),-1,0,2,2
64449,Datakonsult Magnus Sandberg,XX,Stub: INHERITED (Clean Pipe),-1,0,0,1
31705,Europaischen Organisation fuer die Nutzung Meteorologischen Satelliten (Eumetsat),XX,Stub: UNVERIFIED (Dirty Feed),-1,0,1,2
39900,SIA GOOD,XX,Stub: UNVERIFIED (Dirty Feed),-1,0,1,2
31708,Coreix Ltd,XX,IXP / Peer / Stub,-1,0,0,0
400371,PUEBLO OF LAGUNA UTILITY AUTHORITY,XX,Stub: INHERITED (Clean Pipe),-1,0,0,1
39935,NETSMART (CYPRUS) LTD,XX,Stub: INHERITED (Clean Pipe),-1,0,0,2
56329,Gigaclear Limited,XX,Stub: INHERITED (Clean Pipe),-1,0,0,3
48154,Thomas Horx & Christian Wetzig GbR,XX,Stub: INHERITED (Clean Pipe),-1,0,0,1
211997,EHO.LINK SAS,XX,Stub: UNVERIFIED (Dirty Feed),-1,0,1,2
31775,"Greenlight Networks, LLC",XX,Stub: UNVERIFIED (Dirty Feed),-1,0,1,3
56357,Technical University of Munich,XX,Stub: INHERITED (Clean Pipe),-1,0,0,1
203817,Kuhmon kyläverkko-osuuskunta,XX,Stub: INHERITED (Clean Pipe),-1,0,0,1
203847,Marconi Solutions Srls,XX,Stub: UNVERIFIED (Dirty Feed),-1,0,1,2
212049,Jonathan Nebel,XX,Stub: UNVERIFIED (Dirty Feed),-1,0,1,3
40021,"Contabo (Nubes, LLC)",XX,Stub: UNVERIFIED (Dirty Feed),-1,0,1,3
15457,"NOS Madeira Comunicacoes, S.A.",XX,Stub: INHERITED (Clean Pipe),-1,0,0,1
56427,Michal Hradil,XX,Stub: INHERITED (Clean Pipe),-1,0,0,1
56465,Therecom Ltd,XX,Stub: UNVERIFIED (Dirty Feed),-1,0,1,2
40098,"Community Antenna Service, Inc.",XX,Stub: UNVERIFIED (Dirty Feed),-1,0,1,2
23719,University of Sydney,XX,Stub: INHERITED (Clean Pipe),-1,0,0,1
203953,Hiper A/S,XX,Stub: INHERITED (Clean Pipe),-1,0,0,1
31922,"Datto, LLC",XX,Stub: UNVERIFIED (Dirty Feed),-1,0,2,3
400564,"Weston Reed, Sole Proprietorship",XX,Stub: INHERITED (Clean Pipe),-1,0,0,1
400566,Sergio Zygmunt,XX,Stub: INHERITED (Clean Pipe),-1,0,0,2
15556,"City Solutions, LLC",XX,Stub: UNVERIFIED (Dirty Feed),-1,0,2,2
48328,retarus GmbH,XX,Stub: UNVERIFIED (Dirty Feed),-1,0,2,5
204003,Jan-Eric Ortgies,XX,Stub: UNVERIFIED (Dirty Feed),-1,0,2,4
204020,Fenice Telekom Grupa d.o.o.,XX,Stub: INHERITED (Clean Pipe),-1,0,0,3
56566,SATT a.s.,XX,Stub: UNVERIFIED (Dirty Feed),-1,0,1,2
400644,BGPKIT LLC,XX,Stub: INHERITED (Clean Pipe),-1,0,0,1
48390,Lucas Dousse,XX,Stub: INHERITED (Clean Pipe),-1,0,0,2
56588,Information System Authority,XX,Stub: INHERITED (Clean Pipe),-1,0,0,1
204053,ADESTIS GmbH,XX,Stub: UNVERIFIED (Dirty Feed),-1,0,2,3
204057,Duomenu apdorojimo centras LTD,XX,Stub: UNVERIFIED (Dirty Feed),-1,0,2,4
204058,"Fibris, s.r.o.",XX,Stub: UNVERIFIED (Dirty Feed),-1,0,1,1
15693,Today Concepts B.V.,XX,Stub: UNVERIFIED (Dirty Feed),-1,0,2,3
400719,RJN Services,XX,Stub: UNVERIFIED (Dirty Feed),-1,0,2,4
7514,"Computer Engineering & Consulting, Ltd.",XX,Stub: UNVERIFIED (Dirty Feed),-1,0,2,3
212321,PC A LA CARTE SASU,XX,Stub: UNVERIFIED (Dirty Feed),-1,0,1,2
212323,Daedalean AG,XX,Stub: UNVERIFIED (Dirty Feed),-1,0,1,2
204151,EWII Bredbaand A/S,XX,Stub: UNVERIFIED (Dirty Feed),-1,0,1,1
15817,Mittwald GmbH,XX,Stub: UNVERIFIED (Dirty Feed),-1,0,1,2
204253,CTS Eventim Solutions GmbH,XX,Stub: UNVERIFIED (Dirty Feed),-1,0,3,4
7645,Deakin University,XX,Stub: INHERITED (Clean Pipe),-1,0,0,1
204296,VEKA AG,XX,Stub: UNVERIFIED (Dirty Feed),-1,0,3,4
48661,"AIRWAYNET, a.s.",XX,Stub: INHERITED (Clean Pipe),-1,0,0,2
204310,Synergies GmbH,XX,Stub: INHERITED (Clean Pipe),-1,0,0,1
40490,"Afilias, Inc.",XX,Stub: UNVERIFIED (Dirty Feed),-1,0,1,1
56876,Ociris GmbH,XX,Stub: UNVERIFIED (Dirty Feed),-1,0,3,4
204334,Vassbacks Fibernat ek. for.,XX,Stub: UNVERIFIED (Dirty Feed),-1,0,1,2
147040,NEBULA SYSTEMS SDN BHD,XX,Stub: UNVERIFIED (Dirty Feed),-1,0,4,4
24164,UNION BROADBAND NETWORK,XX,Stub: UNVERIFIED (Dirty Feed),-1,0,1,1
56933,Datagram s.r.o.,XX,Stub: UNVERIFIED (Dirty Feed),-1,0,1,1
24165,UNION BROADBAND NETWORK,XX,Stub: UNVERIFIED (Dirty Feed),-1,0,1,1
48777,DARC e.V.,XX,Stub: INHERITED (Clean Pipe),-1,0,0,3
212623,NysaNet sp. z o.o.,XX,Stub: UNVERIFIED (Dirty Feed),-1,0,2,2
204467,AIRSTREAM SRL,XX,Stub: INHERITED (Clean Pipe),-1,0,0,1
270009,GUALAN JAPON LUIS JOAQUIN (SARAGUROSNET),XX,Stub: UNVERIFIED (Dirty Feed),-1,0,2,2
401167,Sinn Development Ltd.,XX,Stub: UNVERIFIED (Dirty Feed),-1,0,1,1
57103,Nomotech SAS,XX,Stub: UNVERIFIED (Dirty Feed),-1,0,2,3
48926,Pe3ny Net s.r.o.,XX,Stub: INHERITED (Clean Pipe),-1,0,0,1
139049,GIGACOMM PTY LTD,XX,Stub: INHERITED (Clean Pipe),-1,0,0,1
48945,OPEN FIBRE NETWORKS (WHOLESALE) LIMITED,XX,Stub: INHERITED (Clean Pipe),-1,0,0,1
16188,punkt.de GmbH,XX,Stub: UNVERIFIED (Dirty Feed),-1,0,1,1
24390,The University of the South Pacific,XX,Stub: INHERITED (Clean Pipe),-1,0,0,1
212832,Association REPTIGO,XX,Stub: UNVERIFIED (Dirty Feed),-1,0,1,1
212855,Jelle Luteijn,XX,Stub: UNVERIFIED (Dirty Feed),-1,0,3,5
57225,Floris van der Krieken,XX,Stub: INHERITED (Clean Pipe),-1,0,0,1
212882,dnx network sarl,XX,Stub: INHERITED (Clean Pipe),-1,0,0,3
57254,FHU SKANET Wojciech Capek,XX,Stub: UNVERIFIED (Dirty Feed),-1,0,1,1
204731,FIBRENEST LIMITED,XX,Stub: INHERITED (Clean Pipe),-1,0,0,2
57294,Internet Expert s.r.o.,XX,Stub: INHERITED (Clean Pipe),-1,0,0,1
40916,"Evalse, LLC",XX,Stub: UNVERIFIED (Dirty Feed),-1,0,2,3
204796,Krones AG,XX,Stub: INHERITED (Clean Pipe),-1,0,0,2
